0.00,-0.69813174,-0.684028089,-0.669924378,-0.655820727,-0.641717076,-0.627613366,-0.613509715,-0.599406064,-0.585302353,-0.571198702,-0.557095051,-0.54299134,-0.528887689,-0.514783978,-0.500680327,-0.486576676,-0.472472996,-0.458369315,-0.444265664,-0.430161983,-0.416058302,-0.401954651,-0.38785097,-0.373747289,-0.359643638,-0.345539957,-0.331436276,-0.317332596,-0.303228945,-0.289125264,-0.275021583,-0.260917932,-0.246814251,-0.23271057,-0.218606919,-0.204503238,-0.190399587,-0.176295877,-0.162192225,-0.148088574,-0.133984864,-0.119881213,-0.105777562,-0.091673851,-0.0775702,-0.0634665489,-0.0493628383,-0.0352591872,-0.0211555362,-0.00705182552,0.00705182552,0.0211555362,0.0352591872,0.0493628383,0.0634665489,0.0775702,0.091673851,0.105777562,0.119881213,0.133984864,0.148088574,0.162192225,0.176295877,0.190399587,0.204503238,0.218606889,0.2327106,0.246814251,0.260917902,0.275021613,0.289125264,0.303228915,0.317332566,0.331436336,0.345539987,0.359643638,0.373747289,0.38785094,0.401954591,0.416058362,0.430162013,0.444265664,0.458369315,0.472472966,0.486576617,0.500680387,0.514784038,0.528887689,0.54299134,0.557094991,0.571198642,0.585302413,0.599406064,0.613509715,0.627613366,0.641717017,0.655820668,0.669924438,0.684028089,0.69813174
-3,-3.45393562,-3.42163587,-3.38933134,-3.35702419,-3.32471204,-3.29239631,-3.26007652,-3.22775316,-3.19542646,-3.16309547,-3.13076091,-3.09842253,-3.06608033,-3.03373504,-3.00138569,-2.969033,-2.9366765,-2.9043169,-2.87195373,-2.83958721,-2.80721712,-2.77484417,-2.74246788,-2.71008825,-2.67770576,-2.64532018,-2.61293173,-2.58053994,-2.54814601,-2.51574898,-2.48334932,-2.45094752,-2.41854239,-2.38613582,-2.35372615,-2.32131457,-2.28890085,-2.25648475,-2.22406697,-2.19164729,-2.15922594,-2.12680244,-2.09437799,-2.06195116,-2.02952361,-1.99709415,-1.9646641,-1.93223286,-1.89980018,-1.86736679,-1.8349421,-1.80252647,-1.7701118,-1.72556627,-1.66471577,-1.60801351,-1.55504966,-1.50546575,-1.45894897,-1.41522336,-1.37404478,-1.33519769,-1.29848897,-1.26374722,-1.23081863,-1.19956493,-1.16986132,-1.14159572,-1.11466575,-1.08897936,-1.06445229,-1.04100811,-1.01857626,-0.997092843,-0.976498961,-0.956740618,-0.937767863,-0.919534981,-0.901999474,-0.885121763,-0.868774593,-0.852038443,-0.834655523,-0.816587746,-0.797793746,-0.778228939,-0.757844985,-0.736589491,-0.71440506,-0.691229582,-0.666995525,-0.641627848,-0.615046203,-0.587160587,-0.55787313,-0.527075231,-0.494646847,-0.46045506,-0.424352288,-0.386173964
-2.939394,-3.41663289,-3.38433099,-3.35202527,-3.31971526,-3.28740144,-3.25508356,-3.22276235,-3.19043708,-3.15810752,-3.12577486,-3.09343815,-3.06109762,-3.02875352,-2.99640584,-2.96405482,-2.93169999,-2.89934158,-2.86697984,-2.83461475,-2.80224586,-2.7698741,-2.737499,-2.70512056,-2.67273903,-2.64035463,-2.6079669,-2.57557654,-2.54318309,-2.51078677,-2.47838783,-2.44598627,-2.41358256,-2.38117599,-2.34876704,-2.31635547,-2.28394222,-2.25152612,-2.21910882,-2.1866889,-2.15426779,-2.12184429,-2.08941913,-2.05699277,-2.02456474,-1.99213517,-1.95970452,-1.92727256,-1.89483976,-1.86240578,-1.8299706,-1.79754436,-1.76512754,-1.7159766,-1.65578592,-1.59967661,-1.54724801,-1.49814975,-1.45207393,-1.40875006,-1.367939,-1.32942796,-1.29302835,-1.25857139,-1.22590542,-1.19489431,-1.16541588,-1.13735902,-1.11062336,-1.08511794,-1.0607599,-1.03747332,-1.01518953,-0.99384445,-0.973380506,-0.953744233,-0.934886396,-0.916761696,-0.899328291,-0.882547438,-0.866203904,-0.849367201,-0.831877887,-0.813697159,-0.794783473,-0.77509129,-0.754571736,-0.733171701,-0.710833192,-0.687493443,-0.663083196,-0.637526929,-0.610742569,-0.582639217,-0.553117335,-0.522066295,-0.489364535,-0.45487681,-0.418452144,-0.379923701,-0.339103013
-2.87878799,-3.37932754,-3.34702373,-3.31471562,-3.28240395,-3.25008798,-3.21776819,-3.18544507,-3.15311718,-3.12078667,-3.08845186,-3.056113,-3.02377081,-2.9914248,-2.95907474,-2.92672205,-2.89436483,-2.86200428,-2.82964063,-2.7972734,-2.76490331,-2.73252892,-2.70015192,-2.66777134,-2.6353879,-2.60300183,-2.57061219,-2.53821993,-2.5058248,-2.47342658,-2.44102597,-2.4086225,-2.37621641,-2.34380794,-2.31139708,-2.27898431,-2.24656868,-2.21415114,-2.18173194,-2.14931011,-2.11688733,-2.0844624,-2.05203533,-2.01960731,-1.98717773,-1.95474648,-1.92231429,-1.8898809,-1.85744619,-1.82501113,-1.79257429,-1.76014709,-1.70649624,-1.6469543,-1.59142947,-1.53952849,-1.49090791,-1.4452666,-1.4023391,-1.36189008,-1.32371163,-1.28761721,-1.2534411,-1.22103441,-1.19026351,-1.1610074,-1.1331569,-1.10661352,-1.08128703,-1.057096,-1.03396571,-1.01182771,-0.990619779,-0.97028476,-0.950769305,-0.932025552,-0.914008081,-0.896675825,-0.879990339,-0.863621414,-0.846683145,-0.829086542,-0.810792089,-0.791757524,-0.771936834,-0.751280904,-0.729735017,-0.707241058,-0.683735013,-0.659146786,-0.633400381,-0.606411576,-0.578088045,-0.548329115,-0.517022312,-0.484043896,-0.449256301,-0.412506282,-0.373623103,-0.332416028,-0.288669676
-2.81818175,-3.34201884,-3.30971313,-3.27740312,-3.24508953,-3.21277165,-3.1804502,-3.14812493,-3.11579609,-3.08346248,-3.05112553,-3.01878524,-2.9864409,-2.95409274,-2.92174125,-2.88938594,-2.85702705,-2.82466507,-2.79229927,-2.75993037,-2.7275579,-2.69518209,-2.66280317,-2.63042068,-2.59803557,-2.56564713,-2.53325558,-2.50086164,-2.46846437,-2.43606472,-2.40366197,-2.37125683,-2.33884907,-2.30643868,-2.27402639,-2.24161148,-2.20919442,-2.17677522,-2.14435434,-2.11193085,-2.07950616,-2.04707956,-2.0146513,-1.9822216,-1.94979,-1.91735756,-1.88492382,-1.85248888,-1.82005262,-1.7876159,-1.75517797,-1.69712341,-1.63821959,-1.5832696,-1.53188848,-1.48373878,-1.43852603,-1.3959893,-1.3558979,-1.31804705,-1.28225422,-1.24835539,-1.21620536,-1.18567133,-1.15663505,-1.12898886,-1.10263538,-1.07748592,-1.05346036,-1.03048444,-1.00849128,-0.987419069,-0.967211246,-0.947815835,-0.929184616,-0.91127336,-0.894041359,-0.877450705,-0.861026287,-0.843986392,-0.82628125,-0.807872176,-0.788715661,-0.768765628,-0.747971535,-0.72627902,-0.703628063,-0.67995435,-0.655186653,-0.629247725,-0.602052152,-0.573506713,-0.543507934,-0.511942208,-0.478684127,-0.443593144,-0.406513721,-0.367272049,-0.325672656,-0.281497419,-0.234499693
-2.75757575,-3.30470753,-3.2723999,-3.24008822,-3.20777249,-3.17545295,-3.14312935,-3.11080217,-3.07847142,-3.04613614,-3.01379752,-2.98145533,-2.94910884,-2.91675925,-2.88440561,-2.85204864,-2.81968808,-2.78732395,-2.75495648,-2.72258568,-2.69021106,-2.65783334,-2.62545252,-2.5930686,-2.5606811,-2.5282917,-2.49589825,-2.46350217,-2.43110323,-2.39870143,-2.36629725,-2.33389044,-2.30148077,-2.26906872,-2.23665452,-2.20423794,-2.17181945,-2.13939857,-2.10697556,-2.07455111,-2.04212475,-2.00969648,-1.97726643,-1.94483531,-1.91240263,-1.87996817,-1.84753299,-1.81509662,-1.78265929,-1.75022125,-1.68784726,-1.62958014,-1.57519603,-1.52432656,-1.47664165,-1.43185127,-1.38970006,-1.34996128,-1.31243384,-1.27693868,-1.24331439,-1.2114172,-1.18111777,-1.15229881,-1.12485456,-1.09868872,-1.07371461,-1.04985249,-1.02702951,-1.00517952,-0.984241784,-0.964160025,-0.944883108,-0.926363707,-0.908557653,-0.891425073,-0.874928176,-0.858419061,-0.841276169,-0.823462427,-0.804937482,-0.785658181,-0.765577435,-0.744644403,-0.722803473,-0.699994445,-0.676151156,-0.651202321,-0.625068963,-0.597664654,-0.568894506,-0.538653731,-0.50682652,-0.473285198,-0.43788746,-0.400474161,-0.36086908,-0.318873107,-0.274263293,-0.226788014,-0.176161915
-2.69696975,-3.26739264,-3.23508334,-3.20276976,-3.17045259,-3.13813162,-3.10580587,-3.07347727,-3.04114413,-3.00880766,-2.97646713,-2.94412279,-2.91177487,-2.87942314,-2.84706783,-2.81470895,-2.78234673,-2.74998116,-2.71761155,-2.68523884,-2.65286255,-2.6204834,-2.58810091,-2.55571461,-2.52332616,-2.49093366,-2.45853877,-2.42614102,-2.39374089,-2.36133742,-2.32893133,-2.29652262,-2.26411152,-2.2316978,-2.19928193,-2.16686368,-2.13444352,-2.10202122,-2.06959677,-2.03717065,-2.00474262,-1.97231281,-1.93988144,-1.90744877,-1.87501431,-1.84257889,-1.81014204,-1.77770436,-1.74056172,-1.67866945,-1.62102735,-1.56720746,-1.51684201,-1.46961486,-1.42524123,-1.38347018,-1.34407949,-1.30687165,-1.2716701,-1.23831654,-1.20666981,-1.17660189,-1.14799774,-1.12075305,-1.09477329,-1.0699724,-1.04627228,-1.02360058,-1.00189233,-0.981087625,-0.961130679,-0.941971362,-0.923562527,-0.90586096,-0.888826609,-0.872406363,-0.855799258,-0.838552833,-0.820629179,-0.801987827,-0.782584608,-0.762372255,-0.741298854,-0.719308376,-0.696339488,-0.672325552,-0.647193611,-0.620863795,-0.593248665,-0.564251423,-0.533765793,-0.501674533,-0.467846394,-0.432138026,-0.394387096,-0.354414046,-0.31201601,-0.266965598,-0.219006181,-0.167846754,-0.113155864
-2.63636351,-3.2300756,-3.19776368,-3.16544867,-3.13312984,-3.10080671,-3.06848001,-3.0361495,-3.00381494,-2.97147608,-2.93913412,-2.90678811,-2.87443829,-2.84208536,-2.80972767,-2.77736688,-2.74500322,-2.71263552,-2.68026423,-2.64788985,-2.61551213,-2.58313131,-2.55074644,-2.51835918,-2.48596859,-2.45357513,-2.42117834,-2.38877892,-2.35637665,-2.32397175,-2.29156423,-2.25915384,-2.22674108,-2.19432592,-2.16190863,-2.12948847,-2.0970664,-2.06464267,-2.03221679,-1.99978924,-1.96735954,-1.93492818,-1.9024955,-1.87006152,-1.83762586,-1.80518889,-1.77275109,-1.73080814,-1.66959321,-1.61256099,-1.55929601,-1.50943339,-1.46265721,-1.41869438,-1.37729859,-1.33825135,-1.30135882,-1.26644719,-1.23336148,-1.20196211,-1.17212307,-1.14373136,-1.1166842,-1.09088838,-1.06625879,-1.04271865,-1.02019691,-0.998629153,-0.977955997,-0.958122849,-0.939079881,-0.920780659,-0.903182387,-0.886245787,-0.869872451,-0.853166878,-0.835816026,-0.817781687,-0.799022734,-0.779494703,-0.759149432,-0.737934589,-0.715792954,-0.692663014,-0.66847676,-0.643159986,-0.616631806,-0.588803649,-0.559576929,-0.528843999,-0.496485114,-0.462367684,-0.426344633,-0.388252199,-0.347906023,-0.305100471,-0.259603739,-0.21115379,-0.159452975,-0.104163192,-0.0448981933
-2.5757575,-3.19275498,-3.16044188,-3.12812495,-3.09580469,-3.0634799,-3.03115153,-2.99881911,-2.96648288,-2.93414235,-2.90179849,-2.86945105,-2.83709931,-2.80474448,-2.7723856,-2.74002385,-2.70765781,-2.67528844,-2.64291573,-2.61053991,-2.57816005,-2.54577732,-2.51339149,-2.48100257,-2.44861031,-2.41621518,-2.38381672,-2.3514154,-2.31901145,-2.28660488,-2.25419569,-2.22178388,-2.18936968,-2.1569531,-2.12453389,-2.09211254,-2.05968952,-2.02726412,-1.99483633,-1.96240747,-1.92997658,-1.89754379,-1.86510944,-1.83267403,-1.80023694,-1.7677989,-1.72116685,-1.6606189,-1.60418558,-1.55146229,-1.50209427,-1.45576751,-1.41220975,-1.37118411,-1.33247638,-1.29589498,-1.26127005,-1.22844851,-1.19729352,-1.16768098,-1.13949919,-1.11264741,-1.08703363,-1.06257379,-1.03919196,-1.01681864,-0.995389879,-0.974847019,-0.955136597,-0.936208844,-0.918018043,-0.900522113,-0.883682251,-0.867326856,-0.850521803,-0.833065689,-0.81491977,-0.796042383,-0.776388645,-0.755909443,-0.734551668,-0.712257802,-0.688965082,-0.664604604,-0.639101505,-0.612373173,-0.584329426,-0.554870903,-0.523887694,-0.491258383,-0.456848025,-0.420507431,-0.382068247,-0.341344535,-0.298126251,-0.252176583,-0.203228965,-0.150979206,-0.0950819775,-0.035141971,0.0289848484
-2.5151515,-3.15543199,-3.12311745,-3.09079885,-3.05847669,-3.0261507,-2.99382019,-2.96148586,-2.92914796,-2.89680648,-2.86446118,-2.83211207,-2.79975867,-2.76740193,-2.73504162,-2.70267773,-2.6703105,-2.63793945,-2.60556555,-2.57318759,-2.54080606,-2.50842214,-2.47603488,-2.44364333,-2.41125011,-2.37885332,-2.34645343,-2.3140502,-2.2816453,-2.24923706,-2.21682644,-2.18441319,-2.15199733,-2.11957908,-2.08715844,-2.0547359,-2.02231121,-1.98988426,-1.9574554,-1.92502487,-1.89259267,-1.86015844,-1.82772315,-1.79528618,-1.7628479,-1.71163499,-1.65174282,-1.59589994,-1.54370975,-1.49482477,-1.44894087,-1.40578687,-1.36512649,-1.32675326,-1.29047942,-1.25613749,-1.22357726,-1.19266367,-1.163275,-1.13530099,-1.10864234,-1.0832082,-1.05891657,-1.03569162,-1.01346505,-0.99217391,-0.971760213,-0.952171028,-0.933357596,-0.915274501,-0.897880077,-0.881135881,-0.864768922,-0.847863913,-0.830301583,-0.81204325,-0.793046534,-0.773265839,-0.752651513,-0.731149852,-0.708702266,-0.685245275,-0.660709083,-0.635017633,-0.608087063,-0.579825938,-0.550132871,-0.518896997,-0.485994041,-0.451287419,-0.414624453,-0.37583524,-0.334729105,-0.291092515,-0.244684085,-0.195231512,-0.142424315,-0.0859106705,-0.0252840985,0.0387606658,0.0984137729
-2.4545455,-3.11810589,-3.08578992,-3.0534699,-3.02114654,-2.98881865,-2.9564867,-2.92415118,-2.89181185,-2.85946846,-2.82712126,-2.79477048,-2.76241636,-2.73005772,-2.69769573,-2.66533041,-2.63296151,-2.60058904,-2.56821275,-2.5358336,-2.50345111,-2.47106504,-2.43867612,-2.40628362,-2.37388825,-2.34149027,-2.30908871,-2.27668476,-2.24427795,-2.21186829,-2.17945576,-2.14704108,-2.11462379,-2.08220434,-2.04978204,-2.01735806,-1.98493195,-1.95250404,-1.92007363,-1.88764167,-1.85520828,-1.82277274,-1.79033625,-1.75789809,-1.70221102,-1.64296424,-1.58770251,-1.53603697,-1.48762798,-1.44217658,-1.39942062,-1.35912395,-1.32108092,-1.28511095,-1.25104892,-1.21874678,-1.18807173,-1.15890455,-1.13113594,-1.10466838,-1.07941246,-1.05528665,-1.03221714,-1.01013601,-0.988980949,-0.968695343,-0.949226379,-0.930526078,-0.912549496,-0.895255625,-0.878606439,-0.86219871,-0.84519285,-0.827523828,-0.809151947,-0.79003489,-0.770126164,-0.749375582,-0.727728724,-0.705126226,-0.681503415,-0.65678978,-0.630907953,-0.603773177,-0.575292587,-0.54536283,-0.513870895,-0.480691314,-0.445684612,-0.408696175,-0.369552225,-0.328059047,-0.283998191,-0.237124577,-0.187159672,-0.13378714,-0.0766467676,-0.0153245991,0.0484178215,0.107419692,0.162460059
-2.3939395,-3.08077717,-3.04846001,-3.01613832,-2.98381352,-2.95148396,-2.91915035,-2.88681388,-2.85447288,-2.82212782,-2.78977966,-2.75742722,-2.72507095,-2.69271088,-2.66034746,-2.62798071,-2.59561014,-2.56323647,-2.53085876,-2.49847794,-2.46609378,-2.43370652,-2.40131593,-2.36892247,-2.3365252,-2.30412555,-2.27172279,-2.23931742,-2.20690918,-2.17449832,-2.14208436,-2.10966849,-2.07724953,-2.04482865,-2.01240516,-1.97997999,-1.94755232,-1.91512275,-1.88269126,-1.85025835,-1.81782341,-1.7853868,-1.75294888,-1.69289231,-1.63428044,-1.57959092,-1.52844262,-1.48050225,-1.43547773,-1.39311087,-1.35317314,-1.31545961,-1.27978921,-1.24600351,-1.21395648,-1.18351746,-1.15456879,-1.12700379,-1.10072505,-1.07564521,-1.05168402,-1.02876818,-1.00683093,-0.985811055,-0.965651929,-0.946302116,-0.927713871,-0.909842968,-0.892648876,-0.876093686,-0.859616041,-0.842508554,-0.824731886,-0.806246042,-0.787007391,-0.766969562,-0.746081591,-0.724288285,-0.701529205,-0.677739263,-0.652846515,-0.626772523,-0.599431574,-0.5707286,-0.540559769,-0.508809268,-0.475349903,-0.440040052,-0.402721792,-0.363218606,-0.321333051,-0.276843071,-0.229497507,-0.179013088,-0.125066951,-0.0672900081,-0.0052598021,0.0579578131,0.116320796,0.170783982,0.22172682
-2.33333325,-3.0434463,-3.01112723,-2.97880435,-2.94647741,-2.91414738,-2.8818121,-2.84947371,-2.81713128,-2.78478479,-2.75243521,-2.72008109,-2.68772364,-2.65536237,-2.62299752,-2.59062958,-2.5582571,-2.52588224,-2.49350286,-2.46112108,-2.42873526,-2.39634609,-2.36395431,-2.33155918,-2.29916096,-2.26676011,-2.23435569,-2.20194864,-2.16953897,-2.13712692,-2.10471153,-2.07229424,-2.03987432,-2.00745177,-1.97502732,-1.94260049,-1.91017187,-1.87774098,-1.84530818,-1.8128736,-1.78043783,-1.7459507,-1.68367636,-1.62568986,-1.57156336,-1.52092433,-1.47344673,-1.42884266,-1.38685989,-1.34727383,-1.30988467,-1.27451301,-1.24100006,-1.20920515,-1.17899978,-1.1502676,-1.12290335,-1.09681189,-1.07190621,-1.04810798,-1.02534425,-1.00354958,-0.982663274,-0.962629795,-0.94339788,-0.924920619,-0.90715462,-0.890059114,-0.873592556,-0.857020676,-0.839810848,-0.8219257,-0.803324461,-0.78396374,-0.763795793,-0.742769003,-0.720827878,-0.697911263,-0.673952281,-0.648878753,-0.622610867,-0.595061243,-0.566134095,-0.535723209,-0.503711522,-0.469969451,-0.434352279,-0.396700144,-0.356833398,-0.3145504,-0.269624829,-0.221801803,-0.170789689,-0.116261095,-0.0578381531,0.00538876047,0.0673844665,0.12511757,0.179014072,0.229443192,0.276729226
-2.27272725,-3.00611258,-2.97379231,-2.94146776,-2.90913987,-2.87680721,-2.84447169,-2.81213164,-2.77978754,-2.74743986,-2.71508884,-2.6827333,-2.65037417,-2.61801195,-2.58564591,-2.55327582,-2.52090287,-2.48852611,-2.45614529,-2.42376208,-2.39137506,-2.35898495,-2.32659149,-2.29419494,-2.26179552,-2.22939301,-2.19698763,-2.16457915,-2.13216805,-2.09975433,-2.06733823,-2.03491926,-2.00249791,-1.97007442,-1.93764865,-1.90522063,-1.87279058,-1.8403585,-1.80792475,-1.77548921,-1.73615193,-1.67456186,-1.61719048,-1.56361926,-1.51348233,-1.46646023,-1.42227101,-1.38066697,-1.34142756,-1.30435693,-1.26928008,-1.2360388,-1.20449328,-1.17451847,-1.14600027,-1.11883473,-1.09292853,-1.06819558,-1.04455817,-1.02194512,-1.00029182,-0.979537845,-0.959628463,-0.94051373,-0.92214644,-0.904484034,-0.887486696,-0.871081769,-0.854412496,-0.837099552,-0.81910497,-0.800387919,-0.780903697,-0.76060456,-0.739438117,-0.717347741,-0.694271743,-0.670142472,-0.644886672,-0.618422866,-0.590662539,-0.561508656,-0.530853212,-0.498577416,-0.464548945,-0.428621709,-0.390631735,-0.350396305,-0.307710886,-0.262344658,-0.214036092,-0.162490025,-0.107369743,-0.0482907258,0.0153893773,0.0766976625,0.133812681,0.187150791,0.237075076,0.283901989,0.327911854
-2.21212125,-2.96877599,-2.93645453,-2.90412903,-2.87179923,-2.83946609,-2.80712819,-2.77478719,-2.74244213,-2.71009254,-2.67774034,-2.6453836,-2.61302304,-2.58065939,-2.54829192,-2.51592088,-2.48354578,-2.45116806,-2.41878653,-2.38640141,-2.3540132,-2.32162142,-2.28922725,-2.25682926,-2.22442818,-2.19202447,-2.1596179,-2.12720823,-2.09479594,-2.06238103,-2.02996349,-1.99754345,-1.96512103,-1.9326961,-1.90026903,-1.86783993,-1.83540845,-1.80297542,-1.7705406,-1.72646248,-1.66554666,-1.6087811,-1.55575633,-1.50611413,-1.45954096,-1.41576147,-1.37453127,-1.33563387,-1.2988776,-1.26409006,-1.23111713,-1.19981956,-1.17007279,-1.14176619,-1.11479747,-1.08907425,-1.06451213,-1.04103434,-1.01857066,-0.997056961,-0.97643429,-0.956647992,-0.937649071,-0.919390976,-0.901831329,-0.884930968,-0.868558764,-0.851791382,-0.834374547,-0.816269815,-0.797435701,-0.777827144,-0.757395804,-0.736088395,-0.713847578,-0.690610886,-0.666309595,-0.640869319,-0.614207864,-0.586234987,-0.556851804,-0.52594924,-0.493406296,-0.459088534,-0.422847122,-0.384515136,-0.34390685,-0.300813586,-0.254999936,-0.206199557,-0.154111832,-0.0983913988,-0.0386452265,0.0252678804,0.0859005228,0.142407909,0.195196897,0.244623452,0.290998608,0.334596217,0.375658751
-2.15151501,-2.93143678,-2.89911461,-2.86678767,-2.83445668,-2.80212212,-2.76978302,-2.73744059,-2.70509434,-2.67274356,-2.64038968,-2.60803175,-2.57567024,-2.54330492,-2.51093626,-2.47856402,-2.44618797,-2.41380835,-2.38142538,-2.34903955,-2.31664968,-2.28425694,-2.25186086,-2.21946192,-2.18705988,-2.15465498,-2.12224674,-2.08983612,-2.0574224,-2.02500629,-1.99258769,-1.96016622,-1.92774272,-1.89531672,-1.86288857,-1.83045828,-1.79802597,-1.76559186,-1.71688163,-1.65662861,-1.60045946,-1.5479728,-1.49881828,-1.45268857,-1.40931237,-1.368451,-1.3298918,-1.29344559,-1.25894368,-1.22623456,-1.19518185,-1.16566229,-1.13756466,-1.11079085,-1.08524883,-1.06085598,-1.03753603,-1.01522005,-0.993844688,-0.973351836,-0.953687906,-0.934803605,-0.916653693,-0.899196029,-0.882391751,-0.866023302,-0.849157095,-0.831635594,-0.813419759,-0.794467747,-0.774733961,-0.754168928,-0.732719481,-0.71032691,-0.686927795,-0.662452996,-0.636826634,-0.609965444,-0.581777871,-0.552163601,-0.521010935,-0.488197684,-0.453587055,-0.417027563,-0.378349721,-0.337363988,-0.293857366,-0.247590303,-0.198291644,-0.145653233,-0.0893236771,-0.0289011225,0.0350260623,0.094994925,0.150904536,0.203154013,0.252090901,0.298020452,0.341212362,0.381903321,0.420304894
-2.090909,-2.89409614,-2.86177158,-2.82944369,-2.79711151,-2.76477575,-2.73243594,-2.70009184,-2.66774416,-2.63539243,-2.60303736,-2.57067847,-2.53831553,-2.50594902,-2.47357845,-2.44120502,-2.40882826,-2.37644744,-2.34406304,-2.31167603,-2.27928495,-2.24689102,-2.21449423,-2.18209362,-2.14968991,-2.11728382,-2.08487487,-2.05246282,-2.02004862,-1.98763108,-1.95521092,-1.92278838,-1.89036393,-1.85793698,-1.8255074,-1.79307592,-1.76064277,-1.70740628,-1.64780569,-1.59222412,-1.54026794,-1.49159372,-1.44590092,-1.40292311,-1.3624258,-1.32420015,-1.28806067,-1.25384068,-1.22139227,-1.19058061,-1.16128516,-1.13339603,-1.10681474,-1.08145201,-1.0572263,-1.03406274,-1.01189303,-0.990655065,-0.97029078,-0.950747848,-0.931977332,-0.913934529,-0.896578014,-0.879869163,-0.863475263,-0.846509516,-0.828882575,-0.810554683,-0.791483819,-0.771623671,-0.75092417,-0.729331195,-0.706785619,-0.683223009,-0.658572972,-0.632758617,-0.605695546,-0.577290952,-0.547442734,-0.516037881,-0.482951075,-0.448044509,-0.411163211,-0.372135133,-0.330766916,-0.28684184,-0.240115285,-0.190310806,-0.137114093,-0.0801661238,-0.0190558415,0.0446654782,0.10398227,0.159304559,0.211022422,0.259477556,0.304968655,0.347760171,0.388085514,0.426151156,0.462142467
-2.030303,-2.85675192,-2.82442665,-2.79209757,-2.75976443,-2.72742724,-2.695086,-2.66274071,-2.63039184,-2.59803915,-2.56568289,-2.53332257,-2.50095868,-2.46859097,-2.43621969,-2.40384483,-2.37146664,-2.33908463,-2.30669928,-2.27431059,-2.24191904,-2.20952368,-2.17712522,-2.14472413,-2.11231947,-2.07991219,-2.0475018,-2.01508856,-1.98267281,-1.95025444,-1.91783333,-1.88541007,-1.85298419,-1.82055581,-1.78812575,-1.75569332,-1.69803488,-1.63907683,-1.58407319,-1.53263986,-1.48443961,-1.43917716,-1.39659238,-1.35645425,-1.3185581,-1.28272164,-1.24878085,-1.21658957,-1.18601596,-1.15694153,-1.12925816,-1.10286808,-1.07768297,-1.05362284,-1.03061426,-1.00858974,-0.987487376,-0.967250645,-0.947827518,-0.929169714,-0.911233187,-0.893976748,-0.877362669,-0.860914588,-0.843848407,-0.826115131,-0.807674587,-0.788483918,-0.768496156,-0.747661173,-0.725923359,-0.703223348,-0.679495573,-0.654668689,-0.628664553,-0.601397812,-0.572773933,-0.542689264,-0.511029303,-0.477666587,-0.44246015,-0.405253142,-0.365870148,-0.32411474,-0.279765576,-0.232573703,-0.182256162,-0.128492862,-0.0709165782,-0.00910776015,0.0541890264,0.112864308,0.167608768,0.218804061,0.266784728,0.311844587,0.354241699,0.394206107,0.431940794,0.467627555,0.501428306
-1.969697,-2.81940579,-2.78707981,-2.75474906,-2.72241497,-2.69007683,-2.65773416,-2.62538838,-2.59303832,-2.56068444,-2.52832627,-2.495965,-2.46360016,-2.43123126,-2.39885855,-2.36648273,-2.33410358,-2.30172038,-2.26933384,-2.23694396,-2.20455098,-2.1721549,-2.13975549,-2.10735321,-2.07494712,-2.04253888,-2.01012754,-1.97771335,-1.94529641,-1.91287696,-1.88045502,-1.84803057,-1.81560361,-1.78317463,-1.75074291,-1.68876553,-1.63043928,-1.57600558,-1.52508676,-1.47735369,-1.43251669,-1.39031923,-1.35053599,-1.31296527,-1.27742743,-1.24376237,-1.21182561,-1.18148756,-1.15263128,-1.12515092,-1.09895039,-1.07394171,-1.05004549,-1.02719021,-1.00530922,-0.984341443,-0.964231074,-0.94492662,-0.926380694,-0.908549309,-0.891392291,-0.874871969,-0.858340859,-0.841173649,-0.823333204,-0.804779053,-0.785467505,-0.765351415,-0.744379461,-0.722495735,-0.699639797,-0.675745368,-0.650739908,-0.624544442,-0.597071707,-0.568226457,-0.537902951,-0.505984724,-0.472342789,-0.436833501,-0.399296731,-0.359554827,-0.317407012,-0.272628158,-0.224964291,-0.174126819,-0.119788341,-0.0615745969,0.00125525461,0.0635989383,0.12164364,0.175819203,0.226500854,0.274014443,0.318648845,0.360657662,0.400266409,0.437674463,0.473061025,0.506584704,0.538389266
-1.90909088,-2.78205752,-2.74972987,-2.71739864,-2.68506336,-2.65272379,-2.6203804,-2.5880332,-2.55568218,-2.52332664,-2.49096799,-2.458606,-2.42623925,-2.39386988,-2.36149597,-2.32911921,-2.29673839,-2.26435447,-2.23196697,-2.19957614,-2.16718221,-2.13478446,-2.10238433,-2.06998062,-2.03757405,-2.00516462,-1.97275221,-1.94033694,-1.90791917,-1.87549853,-1.84307551,-1.81065023,-1.7782222,-1.74155331,-1.67959511,-1.62189174,-1.56801903,-1.51760817,-1.47033513,-1.42591727,-1.38410282,-1.34466946,-1.30742013,-1.27217805,-1.23878503,-1.20709991,-1.17699468,-1.14835429,-1.12107456,-1.09506047,-1.07022655,-1.04649341,-1.02379,-1.00205123,-0.981216908,-0.961231589,-0.942044973,-0.923609734,-0.905882895,-0.888824284,-0.87238121,-0.855753899,-0.838485003,-0.820536554,-0.801867664,-0.782434523,-0.762188792,-0.741078854,-0.719047964,-0.696034729,-0.671971977,-0.646786451,-0.620397508,-0.592717111,-0.563647807,-0.533082843,-0.500903785,-0.466979235,-0.43116352,-0.393293649,-0.353187829,-0.31064266,-0.265428424,-0.217285797,-0.165920854,-0.110999286,-0.0521375723,0.0112430984,0.0728968233,0.130321786,0.183938518,0.234113291,0.281167477,0.325383067,0.367009223,0.406267256,0.443353295,0.478443086,0.511693597,0.543245316,0.57322526
-1.84848475,-2.74470687,-2.71237826,-2.6800456,-2.64770913,-2.61536908,-2.58302426,-2.55067587,-2.5183239,-2.48596787,-2.45360827,-2.42124462,-2.38887739,-2.35650682,-2.32413197,-2.29175377,-2.259372,-2.22698712,-2.19459844,-2.16220665,-2.12981153,-2.09741306,-2.06501198,-2.03260732,-2.00019956,-1.96778905,-1.93537569,-1.9029597,-1.87054062,-1.83811927,-1.80569541,-1.77326882,-1.73179865,-1.67052305,-1.61343241,-1.56011236,-1.51020145,-1.4633832,-1.41937828,-1.37794185,-1.33885443,-1.30192208,-1.26697171,-1.23384821,-1.20241153,-1.17253673,-1.14411008,-1.11702847,-1.09119952,-1.06653786,-1.04296613,-1.02041364,-0.998815536,-0.978113353,-0.958252251,-0.939182103,-0.920856893,-0.903233409,-0.88627255,-0.869877756,-0.853153706,-0.83578217,-0.817724943,-0.798940718,-0.779384613,-0.759008229,-0.737759233,-0.715579689,-0.692407727,-0.668175399,-0.642807722,-0.616223574,-0.58833313,-0.559037983,-0.528228819,-0.495786041,-0.461575866,-0.425449759,-0.387242645,-0.346769005,-0.303820848,-0.258165449,-0.209537536,-0.157637611,-0.10212364,-0.0426049903,0.0211086683,0.0820852146,0.138900846,0.19196713,0.241643444,0.288244724,0.33204785,0.373296887,0.412209153,0.448977858,0.483775198,0.516755641,0.548057914,0.57780683,0.606114864
-1.78787875,-2.70735431,-2.67502451,-2.64269066,-2.61035347,-2.57801199,-2.54566669,-2.51331735,-2.48096418,-2.44860721,-2.41624641,-2.38388205,-2.35151315,-2.31914163,-2.28676605,-2.25438666,-2.22200418,-2.18961835,-2.15722871,-2.12483573,-2.09243989,-2.06004047,-2.0276382,-1.99523258,-1.96282423,-1.93041265,-1.89799821,-1.86558104,-1.83316147,-1.80073917,-1.76831424,-1.72215116,-1.66154695,-1.60505986,-1.55228436,-1.50286639,-1.45649588,-1.41289949,-1.37183523,-1.33308911,-1.29647052,-1.26180863,-1.22895122,-1.19776058,-1.16811335,-1.13989794,-1.11301303,-1.08736682,-1.06287551,-1.03946328,-1.01706004,-0.995601952,-0.975030541,-0.955292463,-0.936338127,-0.918121517,-0.900600791,-0.883736849,-0.867361665,-0.850539982,-0.833065093,-0.814898133,-0.795997441,-0.776317716,-0.755809665,-0.734420061,-0.712090909,-0.68875885,-0.66435498,-0.63880378,-0.612022281,-0.583919823,-0.554396093,-0.523340702,-0.490630925,-0.456131697,-0.41969201,-0.381142974,-0.340296745,-0.296941549,-0.25083831,-0.20171839,-0.149275661,-0.0931606665,-0.0329743549,0.0308543574,0.0911654532,0.147381783,0.199906871,0.249092817,0.295248121,0.338644058,0.379521906,0.418093324,0.454548836,0.48905766,0.521771669,0.552827358,0.582348049,0.61044389,0.63721633
-1.72727275,-2.66999912,-2.63766837,-2.60533357,-2.57299566,-2.54065299,-2.50830722,-2.47595668,-2.44360256,-2.41124439,-2.37888288,-2.34651756,-2.31414819,-2.28177476,-2.24939847,-2.21701837,-2.18463516,-2.15224838,-2.11985731,-2.08746409,-2.05506682,-2.02266669,-1.99026358,-1.95785666,-1.92544711,-1.89303493,-1.8606199,-1.82820177,-1.79578137,-1.76335776,-1.71260834,-1.65266478,-1.59677184,-1.54453325,-1.49560142,-1.44967282,-1.40647876,-1.36578262,-1.32737374,-1.2910645,-1.25668776,-1.22409296,-1.19314563,-1.16372383,-1.13571727,-1.10902679,-1.08356166,-1.05923927,-1.03598475,-1.01372921,-0.992409647,-0.971968293,-0.952351928,-0.93351227,-0.915403724,-0.897984743,-0.881216764,-0.86483258,-0.84791249,-0.830333412,-0.812056065,-0.793037951,-0.773233533,-0.752592683,-0.731061339,-0.708580971,-0.685087383,-0.66051048,-0.63477391,-0.607793331,-0.579476655,-0.549722075,-0.518417358,-0.485438257,-0.45064646,-0.41388905,-0.374994546,-0.333770782,-0.290002525,-0.243446454,-0.193827301,-0.14083378,-0.0841088369,-0.0232442934,0.0404833145,0.100139402,0.155766562,0.207759023,0.256462187,0.302178174,0.345173866,0.385684699,0.423920602,0.460066944,0.494291216,0.526742399,0.557554722,0.586849511,0.61473614,0.641313374,0.666671574
-1.66666663,-2.63264155,-2.60031009,-2.56797504,-2.53563547,-2.50329256,-2.47094512,-2.43859386,-2.40623903,-2.37387991,-2.34151745,-2.3091507,-2.27678084,-2.24440718,-2.2120297,-2.1796484,-2.14726448,-2.11487627,-2.08248496,-2.05009031,-2.01769233,-1.98529136,-1.95288694,-1.92047966,-1.88806939,-1.85565615,-1.82324016,-1.79082143,-1.75839984,-1.7031678,-1.64387453,-1.58856714,-1.53685713,-1.48840499,-1.44291198,-1.40011525,-1.35978246,-1.32170665,-1.28570306,-1.25160801,-1.21927345,-1.18856657,-1.15936744,-1.13156796,-1.10506976,-1.0797838,-1.05562866,-1.03253007,-1.0104208,-0.989238501,-0.968925834,-0.949430525,-0.930704355,-0.912702858,-0.895384848,-0.878712237,-0.862290263,-0.84527117,-0.827587068,-0.80919832,-0.79006207,-0.770131648,-0.749356687,-0.72768265,-0.705049813,-0.681393147,-0.656641722,-0.630717754,-0.603536129,-0.575003088,-0.545015156,-0.513458371,-0.480206698,-0.445119619,-0.408040673,-0.36879608,-0.327190191,-0.28300336,-0.235988095,-0.185863599,-0.132310688,-0.0749661624,-0.0134128118,0.0499971993,0.109009616,0.164056987,0.215525672,0.263753355,0.309036523,0.351637393,0.391786963,0.429691285,0.465533197,0.499476701,0.531668127,0.562240422,0.59131223,0.618991613,0.645376444,0.670554757,0.694608212
-1.6060605,-2.59528255,-2.56295013,-2.53061366,-2.49827337,-2.46592975,-2.43358159,-2.40122962,-2.36887336,-2.33651352,-2.30415058,-2.27178311,-2.23941183,-2.20703745,-2.17465901,-2.142277,-2.10989213,-2.0775032,-2.04511118,-2.01271582,-1.98031688,-1.94791484,-1.91551006,-1.88310146,-1.8506906,-1.81827641,-1.78585982,-1.75344014,-1.69382811,-1.63517499,-1.58044422,-1.52925575,-1.48127615,-1.43621302,-1.39380825,-1.35383391,-1.31608689,-1.28038585,-1.24656928,-1.21449161,-1.18402243,-1.15504384,-1.12744904,-1.10114121,-1.07603264,-1.05204296,-1.02909935,-1.00713491,-0.986088216,-0.965903163,-0.946527839,-0.927914381,-0.91001904,-0.892801166,-0.876223028,-0.859734476,-0.842615545,-0.824825764,-0.806324601,-0.787069142,-0.767011821,-0.746101737,-0.724283755,-0.701496959,-0.677675664,-0.652748048,-0.626635134,-0.599250197,-0.570498466,-0.540274858,-0.508463502,-0.474936008,-0.439549863,-0.402146161,-0.36254707,-0.320554137,-0.275943369,-0.228462338,-0.177824974,-0.123705402,-0.0657318681,-0.00347846281,0.0593982302,0.117778234,0.172254786,0.223207384,0.270967096,0.31582433,0.358036071,0.397829533,0.435406715,0.47094807,0.504614234,0.536549747,0.566884756,0.595736623,0.623211324,0.64940542,0.674406469,0.698293746,0.721140146
-1.5454545,-2.55792117,-2.52558851,-2.49325109,-2.46091008,-2.42856503,-2.39621615,-2.36386299,-2.33150673,-2.29914594,-2.26678157,-2.23441362,-2.20204163,-2.16966629,-2.13728738,-2.10490489,-2.07251859,-2.04012895,-2.00773621,-1.97534001,-1.94294035,-1.91053724,-1.87813151,-1.84572291,-1.81331098,-1.78089595,-1.74689734,-1.68458676,-1.62656391,-1.57240176,-1.52172685,-1.47421324,-1.42957449,-1.38755667,-1.34793663,-1.31051445,-1.27511191,-1.24157059,-1.20974708,-1.1795131,-1.15075254,-1.12336016,-1.09724081,-1.07230771,-1.04848218,-1.02569187,-1.00387108,-0.982958853,-0.962900162,-0.94364357,-0.92514199,-0.90735203,-0.890233219,-0.873745203,-0.857165217,-0.839945674,-0.822049141,-0.803435028,-0.784059167,-0.763874054,-0.742827833,-0.720864296,-0.697922289,-0.673935115,-0.648829401,-0.622525513,-0.594935536,-0.565962851,-0.535501003,-0.503432214,-0.46962592,-0.433937132,-0.396204472,-0.356246978,-0.313861758,-0.268821597,-0.220868617,-0.169710591,-0.115016058,-0.0564044602,0.00666358462,0.0686883852,0.126446068,0.180361629,0.230806485,0.278104782,0.322542399,0.364370614,0.403812945,0.441067874,0.47631231,0.509704709,0.541387618,0.57148838,0.600122809,0.62739557,0.653401375,0.67822659,0.701950133,0.724642873,0.746371269
-1.4848485,-2.52055764,-2.48822379,-2.45588636,-2.42354441,-2.39119887,-2.35884881,-2.32649541,-2.29413819,-2.26177645,-2.22941136,-2.1970427,-2.16466999,-2.13229418,-2.09991407,-2.06753063,-2.03514385,-2.00275326,-1.97035956,-1.93796265,-1.90556264,-1.87315881,-1.84075224,-1.8083427,-1.77592981,-1.7370621,-1.67544246,-1.61804068,-1.56443799,-1.51426983,-1.46721578,-1.42299533,-1.38135993,-1.3420893,-1.30498755,-1.26988053,-1.23661101,-1.20503891,-1.17503774,-1.14649284,-1.11930084,-1.09336805,-1.068609,-1.04494584,-1.0223074,-1.00062871,-0.979849815,-0.959916234,-0.940777361,-0.922386646,-0.904701054,-0.887680888,-0.871257663,-0.854581952,-0.83726126,-0.819257259,-0.800529122,-0.781031966,-0.76071775,-0.73953408,-0.717423916,-0.694325149,-0.670170367,-0.644885242,-0.618388534,-0.590591192,-0.561395526,-0.530692875,-0.498363763,-0.464275658,-0.428280771,-0.390215129,-0.349894494,-0.307112634,-0.261636645,-0.213205144,-0.161519617,-0.106241032,-0.046981521,0.0165249072,0.0778698027,0.135015547,0.18837887,0.238323763,0.285167933,0.329191625,0.370642304,0.409738302,0.446675241,0.481627047,0.514749289,0.546182096,0.576051891,0.604471385,0.63154453,0.657364309,0.682015955,0.705576956,0.728118122,0.749704123,0.770394385
-1.42424238,-2.48319292,-2.45085835,-2.4185195,-2.38617682,-2.35383058,-2.32148004,-2.28912592,-2.25676751,-2.22440577,-2.19203973,-2.15966988,-2.12729669,-2.09491992,-2.0625391,-2.03015518,-1.99776745,-1.96537662,-1.93298185,-1.90058422,-1.86818326,-1.83577919,-1.80337191,-1.7709614,-1.727332,-1.66639268,-1.60960281,-1.55655158,-1.50688255,-1.46028209,-1.41647422,-1.37521613,-1.33629107,-1.29950631,-1.26469076,-1.23169017,-1.20036685,-1.17059577,-1.14226425,-1.11527073,-1.0895226,-1.06493556,-1.04143333,-1.01894534,-0.997407496,-0.976760924,-0.956951439,-0.937929213,-0.919648349,-0.90206629,-0.885143876,-0.86875695,-0.851984799,-0.834561825,-0.816449583,-0.797606349,-0.777987123,-0.757542849,-0.736220419,-0.713962436,-0.690705657,-0.666381538,-0.640915096,-0.614223719,-0.586217225,-0.556795895,-0.525849938,-0.493257552,-0.458884329,-0.422579914,-0.384177119,-0.343488872,-0.300304919,-0.254388332,-0.205471188,-0.153250456,-0.0973792747,-0.0374615043,0.0262687877,0.0869440362,0.143488243,0.196308389,0.245760888,0.292157978,0.335773826,0.376851588,0.415606558,0.452229708,0.486892611,0.51974839,0.550934672,0.580575526,0.608783364,0.635658979,0.661294937,0.685774922,0.709175348,0.73156625,0.753011584,0.773569703,0.793294609
-1.36363626,-2.44582534,-2.4134903,-2.3811512,-2.34880781,-2.31646061,-2.28410983,-2.25175476,-2.2193954,-2.1870327,-2.15466642,-2.12229609,-2.08992219,-2.05754423,-2.02516294,-1.99277818,-1.96039009,-1.92799842,-1.8956033,-1.86320496,-1.83080304,-1.79839814,-1.76599026,-1.71770608,-1.65743661,-1.6012485,-1.54874122,-1.49956429,-1.4534111,-1.41001093,-1.36912501,-1.3305409,-1.29406941,-1.25954223,-1.22680783,-1.19572997,-1.16618645,-1.13806629,-1.11126912,-1.08570385,-1.06128752,-1.03794444,-1.01560557,-0.994207323,-0.973691642,-0.954005122,-0.935098648,-0.916926622,-0.899447441,-0.882622004,-0.866242528,-0.849373281,-0.83184737,-0.813626051,-0.794666946,-0.774924338,-0.754348934,-0.732886672,-0.710479319,-0.687063098,-0.66256839,-0.636918604,-0.61003077,-0.581812739,-0.552163541,-0.520971537,-0.488113254,-0.453451484,-0.416833818,-0.378090113,-0.337029397,-0.293438017,-0.247074485,-0.197665945,-0.144901738,-0.0884291083,-0.0278427582,0.0358965136,0.0959139168,0.151865631,0.204151377,0.25311932,0.299075812,0.342289895,0.383000195,0.42141822,0.457732171,0.492109954,0.524702668,0.555645466,0.585060477,0.613058388,0.639739156,0.665193379,0.689503729,0.712745607,0.734987736,0.756293714,0.77672106,0.796323001,0.815148592
-1.30303025,-2.4084568,-2.37612081,-2.34378076,-2.31143665,-2.27908897,-2.24673724,-2.21438169,-2.18202186,-2.14965868,-2.11729121,-2.08492064,-2.05254579,-2.02016759,-1.98778582,-1.95540047,-1.9230113,-1.89061892,-1.85822308,-1.82582414,-1.79342175,-1.76101637,-1.70818257,-1.64857173,-1.59297681,-1.54100537,-1.4923141,-1.44660199,-1.40360415,-1.36308587,-1.32483852,-1.28867638,-1.25443423,-1.22196257,-1.1911279,-1.1618098,-1.13389862,-1.10729587,-1.08191144,-1.05766416,-1.0344789,-1.0122875,-0.991027653,-0.970641792,-0.951077163,-0.932285607,-0.914221704,-0.896844149,-0.880114853,-0.863714457,-0.846747279,-0.829117715,-0.810786247,-0.791710317,-0.771843553,-0.751135588,-0.729532421,-0.706974506,-0.683397114,-0.65872997,-0.632895529,-0.605808973,-0.577377439,-0.547498107,-0.516057372,-0.482930094,-0.447976768,-0.411041945,-0.371953011,-0.330515474,-0.286511302,-0.239694685,-0.189787269,-0.136472642,-0.0793892071,-0.0181239843,0.0454103164,0.104780883,0.160150081,0.211909175,0.260400176,0.305922329,0.348740667,0.38908878,0.427174538,0.463182867,0.497279704,0.529612243,0.560314655,0.589506865,0.61729759,0.643785477,0.669060051,0.693202555,0.716287553,0.738382936,0.759550869,0.779848635,0.799328983,0.818039954,0.83602643
-1.24242425,-2.37108612,-2.33874917,-2.30640936,-2.2740643,-2.24171591,-2.20936346,-2.17700744,-2.14464736,-2.11228299,-2.07991505,-2.04754353,-2.01516819,-1.9827894,-1.95040715,-1.91802084,-1.88563156,-1.8532387,-1.82084227,-1.78844249,-1.75603962,-1.69875824,-1.63979709,-1.58478665,-1.53334284,-1.48513043,-1.43985367,-1.39725268,-1.35709715,-1.31918252,-1.28332651,-1.24936593,-1.21715438,-1.18656027,-1.15746474,-1.12976062,-1.10335016,-1.07814527,-1.05406487,-1.03103602,-1.00899112,-0.987868249,-0.967611074,-0.948167622,-0.929489493,-0.911532819,-0.894256353,-0.877622545,-0.861172497,-0.844106734,-0.826372564,-0.807930291,-0.788736284,-0.768744171,-0.74790293,-0.726157427,-0.703447461,-0.679707706,-0.654866397,-0.628845394,-0.601558447,-0.572910845,-0.542798817,-0.511106849,-0.477707386,-0.442458987,-0.40520364,-0.365765035,-0.323945731,-0.279523581,-0.232247621,-0.181834534,-0.127960905,-0.0702583492,-0.00830293167,0.0548125021,0.113546945,0.168342948,0.219583616,0.267604411,0.312699318,0.355127245,0.395118207,0.432876199,0.468583405,0.502402008,0.534478366,0.564943254,0.593915224,0.621501207,0.647798538,0.672895432,0.696872115,0.719801843,0.74175185,0.762783408,0.782953203,0.802312732,0.820910454,0.838789761,0.855992019
-1.18181813,-2.33371353,-2.30137658,-2.26903558,-2.23669076,-2.20434165,-2.17198849,-2.13963127,-2.10727072,-2.07490611,-2.04253793,-2.01016545,-1.9777894,-1.94541013,-1.91302705,-1.88064015,-1.84825051,-1.81585681,-1.78345978,-1.75105977,-1.6894325,-1.63111031,-1.57667553,-1.52575243,-1.47801208,-1.43316472,-1.39095569,-1.3511585,-1.31357276,-1.27801907,-1.24433684,-1.21238244,-1.18202603,-1.15315092,-1.1256516,-1.09943175,-1.07440436,-1.0504899,-1.02761579,-1.00571573,-0.984728932,-0.964599311,-0.945275605,-0.926710427,-0.908859849,-0.891683877,-0.875144601,-0.858616173,-0.841451049,-0.823611677,-0.805057347,-0.785744727,-0.765626192,-0.744650245,-0.722761154,-0.699897885,-0.675994098,-0.650977254,-0.624767542,-0.597277939,-0.568412483,-0.538065195,-0.506119192,-0.472444773,-0.436897695,-0.399317741,-0.359525472,-0.317319363,-0.272473544,-0.224732548,-0.173806086,-0.119365416,-0.0610336736,0.00168806617,0.0641051829,0.122213952,0.176446036,0.227176636,0.274734199,0.319407284,0.361450702,0.401089638,0.438524514,0.473934054,0.507478535,0.539301395,0.569531918,0.598286092,0.625669956,0.651778936,0.676700056,0.700512767,0.723289013,0.745095193,0.765991747,0.786034703,0.805275142,0.823760211,0.84153378,0.858635902,0.875103891
-1.12121201,-2.29633951,-2.26400208,-2.23166013,-2.19931412,-2.16696501,-2.13461137,-2.10225391,-2.06989264,-2.03752756,-2.00515842,-1.97278583,-1.94040942,-1.90802956,-1.87564576,-1.84325862,-1.81086826,-1.77847409,-1.74214351,-1.68020284,-1.62250972,-1.5686425,-1.5182327,-1.47095764,-1.42653418,-1.38471198,-1.3452692,-1.30800807,-1.272753,-1.23934615,-1.20764601,-1.17752481,-1.14886832,-1.1215713,-1.09554017,-1.07068872,-1.04693818,-1.02421761,-1.00246119,-0.981609046,-0.961606026,-0.942401052,-0.923947692,-0.906202734,-0.889126062,-0.872668445,-0.856045663,-0.838780224,-0.820834637,-0.802167833,-0.782735169,-0.76248908,-0.741377413,-0.719343364,-0.696325421,-0.672255993,-0.647061765,-0.620661736,-0.59296757,-0.563881814,-0.533296824,-0.501093745,-0.467141032,-0.431292176,-0.393383592,-0.353233129,-0.310635597,-0.265360475,-0.217147529,-0.165701196,-0.110684872,-0.0517141297,0.0115582673,0.0732897967,0.130783692,0.184460625,0.234688953,0.281790376,0.326048136,0.367711961,0.407003701,0.444119602,0.479235709,0.512509584,0.544082105,0.574080646,0.602620184,0.629804015,0.655726969,0.680474222,0.704124451,0.726749003,0.748412907,0.769176006,0.789093435,0.808215678,0.826589644,0.84425807,0.861261249,0.877652168,0.894227803
-1.060606,-2.25896358,-2.22662568,-2.19428349,-2.161937,-2.12958741,-2.09723306,-2.06487513,-2.03251362,-2.00014758,-1.96777821,-1.93540514,-1.90302825,-1.87064791,-1.83826363,-1.8058759,-1.77348471,-1.73231912,-1.67106748,-1.61399472,-1.56068623,-1.51078236,-1.46396697,-1.41996193,-1.37852168,-1.33942807,-1.30248809,-1.26752818,-1.23439348,-1.20294464,-1.17305648,-1.14461565,-1.11751962,-1.09167516,-1.06699765,-1.04340982,-1.02084124,-0.999227226,-0.978508532,-0.9586308,-0.939543903,-0.921201408,-0.903561056,-0.88658303,-0.870178461,-0.853460371,-0.836094022,-0.818041325,-0.799260855,-0.779707491,-0.759332776,-0.738084137,-0.715903878,-0.692729831,-0.668493152,-0.643119872,-0.616527617,-0.588626802,-0.559318244,-0.528493047,-0.49603042,-0.461796165,-0.425641716,-0.387400836,-0.34688738,-0.303893447,-0.25818339,-0.209491923,-0.157517925,-0.101917684,-0.0422981828,0.0213112384,0.0823695138,0.139257446,0.19238846,0.242122039,0.288774103,0.332622468,0.373912275,0.412861019,0.449662626,0.484489083,0.517495573,0.548821092,0.578590751,0.606917381,0.63390398,0.659642816,0.684218585,0.70770818,0.73018235,0.751705348,0.772336423,0.792129695,0.811135113,0.829398811,0.846963465,0.863868296,0.880212069,0.896887839,0.914205432
-1,-2.22158647,-2.18924785,-2.15690517,-2.12455845,-2.09220791,-2.05985355,-2.02749515,-1.9951328,-1.96276689,-1.93039691,-1.89802325,-1.86564577,-1.83326507,-1.80088019,-1.76849222,-1.72259784,-1.66202569,-1.60556269,-1.55280566,-1.50340056,-1.45703816,-1.41344595,-1.37238252,-1.33363461,-1.29701161,-1.26234365,-1.22947788,-1.19827783,-1.16862023,-1.14039314,-1.11349547,-1.08783603,-1.06333089,-1.03990424,-1.01748633,-0.996013463,-0.975427032,-0.955673695,-0.936703682,-0.918471336,-0.900934637,-0.884054542,-0.86767441,-0.850860119,-0.833392203,-0.815231502,-0.796336353,-0.776661277,-0.756156981,-0.73476994,-0.71244216,-0.689110279,-0.664705157,-0.639150918,-0.612364531,-0.584254861,-0.554721534,-0.523653448,-0.490928054,-0.456409305,-0.419945568,-0.38136819,-0.340487719,-0.297091573,-0.250940859,-0.201764598,-0.149254993,-0.0930620879,-0.0327841863,0.0309496429,0.0913457572,0.147637948,0.200230718,0.24947758,0.295686871,0.339131624,0.380052567,0.418663293,0.455154002,0.489694834,0.522437513,0.553518832,0.583062291,0.611179113,0.63797009,0.663527012,0.687932968,0.711264133,0.73358959,0.754973233,0.775473356,0.795143604,0.814033449,0.83218807,0.849649787,0.866457522,0.882784128,0.89956069,0.916984856,0.935095191
-0.939393997,-2.18420768,-2.15186882,-2.11952543,-2.08717847,-2.05482721,-2.02247238,-1.99011374,-1.9577508,-1.92538416,-1.89301372,-1.86063969,-1.82826197,-1.79588079,-1.76349556,-1.71297848,-1.65307486,-1.59721351,-1.544999,-1.49608612,-1.45017076,-1.40698576,-1.36629486,-1.32788801,-1.29157841,-1.25719881,-1.22459924,-1.19364524,-1.16421533,-1.13619971,-1.10949898,-1.0840224,-1.05968821,-1.03642106,-1.01415253,-0.992819607,-0.972364426,-0.952734292,-0.93388015,-0.915757,-0.898323298,-0.881540239,-0.865155876,-0.848244965,-0.830674291,-0.812404931,-0.793394208,-0.773596227,-0.752961099,-0.731434703,-0.708958089,-0.685467005,-0.660891473,-0.635154665,-0.608172178,-0.579851389,-0.550090671,-0.518777192,-0.48578617,-0.450979561,-0.414203137,-0.375284851,-0.334032506,-0.290229529,-0.243631825,-0.193963811,-0.140911445,-0.0841166079,-0.0231696963,0.040475402,0.100220278,0.155926421,0.207989722,0.256756186,0.302529693,0.345576584,0.38613373,0.424411088,0.46059525,0.494853556,0.527335823,0.55817616,0.587496161,0.615405262,0.642003357,0.667380154,0.691618323,0.714792252,0.736970603,0.758216441,0.778587103,0.798135638,0.816910863,0.83495754,0.852317393,0.869028807,0.885368586,0.902246356,0.919778109,0.938002348,0.956960917
-0.878787756,-2.14682722,-2.11448765,-2.08214402,-2.04979682,-2.01744533,-1.98508978,-1.95273042,-1.9203676,-1.88800073,-1.85562992,-1.8232553,-1.7908771,-1.75849533,-1.70345843,-1.64421284,-1.58894444,-1.53726518,-1.48883736,-1.44336319,-1.40058029,-1.36025679,-1.32218719,-1.28618729,-1.25209272,-1.21975648,-1.18904603,-1.15984166,-1.13203526,-1.10552919,-1.08023417,-1.05606902,-1.03296006,-1.01083934,-0.989645004,-0.969320118,-0.949812174,-0.93107301,-0.913058102,-0.895726442,-0.879039943,-0.862622738,-0.845614076,-0.827940166,-0.809561014,-0.790433764,-0.770511866,-0.749744773,-0.728077829,-0.705450952,-0.681799233,-0.657051742,-0.631130278,-0.603949785,-0.575415969,-0.545425236,-0.513863504,-0.480604112,-0.445506006,-0.408413142,-0.369150102,-0.327520967,-0.283305585,-0.236255184,-0.186088219,-0.132484823,-0.0750795156,-0.0134527609,0.0498914421,0.108995631,0.164124906,0.215666771,0.26396054,0.309303641,0.351958603,0.392156988,0.430105269,0.465987056,0.499966532,0.532191157,0.562793553,0.591892719,0.619596839,0.646003842,0.671202779,0.695274651,0.718293309,0.740326226,0.761435688,0.781678081,0.801106274,0.819767833,0.837707758,0.85496664,0.871582687,0.887965381,0.904945314,0.922585249,0.940924406,0.960005164,0.979873061
-0.818181753,-2.10944533,-2.07710576,-2.0447619,-2.01241374,-1.98006225,-1.94770646,-1.91534674,-1.88298345,-1.85061598,-1.81824481,-1.78587008,-1.75349128,-1.69403791,-1.63543975,-1.580755,-1.52960336,-1.48165393,-1.43661487,-1.39422905,-1.35426879,-1.3165319,-1.28083801,-1.24702549,-1.21494937,-1.18447971,-1.15549839,-1.12789941,-1.1015861,-1.07647049,-1.05247319,-1.02952075,-1.0075469,-0.986489892,-0.966293871,-0.946907222,-0.928282142,-0.910374701,-0.893144369,-0.876553476,-0.860074878,-0.842967808,-0.82518965,-0.806699872,-0.787455022,-0.767408133,-0.746508062,-0.72469902,-0.701920629,-0.678106904,-0.653185487,-0.627077818,-0.599697173,-0.570947886,-0.540724993,-0.508912385,-0.475381196,-0.439988643,-0.402575195,-0.362962961,-0.320952564,-0.276319146,-0.228809744,-0.178137168,-0.123974457,-0.0659491196,-0.00363227329,0.0591989681,0.117673002,0.172234237,0.223263025,0.271090955,0.316010207,0.358278096,0.398122966,0.435746551,0.471329778,0.50503391,0.53700453,0.567371428,0.596252441,0.623753786,0.649972022,0.674995065,0.698902428,0.721767306,0.743656635,0.764630854,0.784746468,0.804055095,0.822604477,0.840438247,0.857597291,0.874118984,0.890574515,0.907657504,0.925406575,0.943861544,0.963065147,0.983063936,1.00390828
-0.75757575,-2.07206225,-2.03972173,-2.00737762,-1.97502983,-1.9426775,-1.91032147,-1.87796175,-1.84559762,-1.81322992,-1.78085852,-1.74694824,-1.68471265,-1.62675309,-1.57264328,-1.52201176,-1.47453427,-1.42992461,-1.38793075,-1.34832919,-1.31092119,-1.27552974,-1.24199581,-1.2101773,-1.17994595,-1.15118563,-1.12379169,-1.09766901,-1.07273149,-1.04890013,-1.02610302,-1.00427437,-0.983353734,-0.963285625,-0.944019139,-0.925507247,-0.90770638,-0.890576541,-0.874078691,-0.857511997,-0.840305746,-0.822422326,-0.803820968,-0.784457684,-0.76428467,-0.743250191,-0.721298099,-0.698366582,-0.674389184,-0.649292707,-0.622996747,-0.595413744,-0.566446722,-0.535989106,-0.50392282,-0.470116764,-0.434426099,-0.396688461,-0.356722683,-0.31432575,-0.269269109,-0.221294165,-0.170108527,-0.115378857,-0.0567235202,0.00626784749,0.0684004351,0.126254559,0.180256933,0.230779752,0.278148979,0.322650462,0.364536941,0.40403229,0.441335857,0.47662434,0.510056913,0.54177618,0.571910501,0.600575686,0.627876878,0.653908551,0.678757429,0.702502429,0.725215137,0.746961772,0.767802358,0.787792623,0.806983054,0.825421035,0.843150079,0.860209882,0.876644254,0.893196166,0.910383046,0.928242266,0.946813881,0.966141462,0.986272097,1.00725698,1.02915144
-0.696969509,-2.03467751,-2.00233722,-1.9699924,-1.937644,-1.90529156,-1.87293506,-1.84057498,-1.80821073,-1.77584267,-1.73701751,-1.67548227,-1.61815107,-1.5646081,-1.51448941,-1.46747744,-1.42329156,-1.38168442,-1.34243739,-1.30535436,-1.27026165,-1.23700356,-1.20543981,-1.17544401,-1.14690208,-1.11971116,-1.09377789,-1.06901646,-1.0453496,-1.02270627,-1.00102174,-0.980236053,-0.960294902,-0.941147625,-0.92274791,-0.9050529,-0.888022721,-0.871594727,-0.8549335,-0.837627351,-0.819638014,-0.800924063,-0.781441212,-0.761141062,-0.739971042,-0.717874169,-0.694788337,-0.670645773,-0.645372212,-0.618886352,-0.591098845,-0.561911941,-0.53121686,-0.498893917,-0.464810133,-0.4288176,-0.39075169,-0.350428104,-0.307639629,-0.262153804,-0.213707224,-0.162000969,-0.106695473,-0.0474011116,0.0160447042,0.0774983168,0.134742051,0.188194364,0.238219157,0.285135865,0.329225749,0.370736092,0.409886837,0.446873814,0.481871605,0.515035808,0.546507001,0.576411664,0.604863822,0.631966412,0.657813907,0.682490528,0.706074655,0.72863698,0.750242472,0.770950854,0.790816724,0.80989027,0.828218162,0.845843017,0.86280483,0.879179835,0.895830631,0.913122177,0.931092262,0.949781597,0.969234228,0.9894979,1.01062441,1.03267002,1.05569577
-0.636363506,-1.99729168,-1.96495116,-1.93260598,-1.90025747,-1.86790478,-1.83554792,-1.80318725,-1.77082312,-1.72719193,-1.66634512,-1.60963333,-1.55664849,-1.50703597,-1.4604826,-1.41671515,-1.37548995,-1.33659256,-1.29983079,-1.26503372,-1.23204827,-1.20073605,-1.17097342,-1.14264798,-1.11565828,-1.08991194,-1.06532514,-1.04182148,-1.01933062,-0.997788727,-0.977137089,-0.957321525,-0.938292563,-0.920004129,-0.902413905,-0.885482848,-0.8690961,-0.852339804,-0.834932625,-0.816836417,-0.798009038,-0.778405666,-0.757977068,-0.736670375,-0.714427531,-0.691185832,-0.666876495,-0.641424,-0.614746153,-0.586752534,-0.557342947,-0.526407957,-0.493825376,-0.459460497,-0.423162788,-0.384764463,-0.344078332,-0.300893545,-0.254972637,-0.206047609,-0.15381372,-0.0979235917,-0.0379798822,0.0257079452,0.0864940286,0.143137306,0.19604747,0.245581821,0.292052954,0.335736543,0.376875997,0.415686935,0.452361792,0.487071991,0.519971311,0.55119741,0.580875158,0.609116316,0.636023223,0.661687851,0.686194479,0.709619522,0.732032776,0.753498793,0.774076045,0.793818712,0.812776804,0.83099544,0.848517537,0.865382016,0.881727397,0.898477733,0.915874898,0.933956802,0.952764809,0.972343564,0.992741287,1.01401067,1.03620875,1.05939746,1.08364451
-0.575757504,-1.95990455,-1.92756391,-1.89521849,-1.86286962,-1.83051658,-1.7981596,-1.76579893,-1.71746874,-1.65729952,-1.601197,-1.54876292,-1.49964845,-1.45354867,-1.41019368,-1.36934614,-1.33079433,-1.29434991,-1.25984514,-1.22712886,-1.19606602,-1.16653419,-1.13842273,-1.11163223,-1.08607137,-1.06165731,-1.03831506,-1.01597536,-0.994574904,-0.974056065,-0.954365373,-0.935453594,-0.917275608,-0.899789572,-0.882956743,-0.866582453,-0.849730074,-0.832221448,-0.814017177,-0.795075536,-0.775350392,-0.754792273,-0.733347535,-0.710957587,-0.687558353,-0.663080454,-0.637447536,-0.610575676,-0.58237344,-0.552739382,-0.521561563,-0.488716602,-0.454067141,-0.417460531,-0.378725976,-0.337672532,-0.294085979,-0.247724384,-0.198313966,-0.145544559,-0.0890613422,-0.0284579806,0.0352604464,0.0953894109,0.151441991,0.203818575,0.252869368,0.298901379,0.342184484,0.382957757,0.421433628,0.457800239,0.49222666,0.524863899,0.555848241,0.585301459,0.613334477,0.640047669,0.665531695,0.689869761,0.713137507,0.735403478,0.756731272,0.777178943,0.7967996,0.815642774,0.833753467,0.85117346,0.867941797,0.884287298,0.901138008,0.918641329,0.936836004,0.955763638,0.97546953,0.996002555,1.01741624,1.03976786,1.06312108,1.0875442,1.11311245
-0.515151501,-1.92251611,-1.89017534,-1.85782981,-1.8254807,-1.79312742,-1.76077032,-1.70784569,-1.64834416,-1.5928421,-1.54095066,-1.49232793,-1.4466747,-1.40372765,-1.36325204,-1.32504153,-1.28891087,-1.25469506,-1.22224534,-1.1914289,-1.16212535,-1.13422596,-1.1076324,-1.08225524,-1.05801249,-1.03483009,-1.01264024,-0.991380155,-0.970992804,-0.95142591,-0.93263042,-0.914561927,-0.897179365,-0.88044399,-0.864053488,-0.84710443,-0.829493225,-0.811180413,-0.79212302,-0.77227515,-0.751586556,-0.730002403,-0.707463741,-0.683905661,-0.659257472,-0.633442104,-0.606374562,-0.577961504,-0.548100173,-0.516677201,-0.483566672,-0.448629558,-0.411709994,-0.372634888,-0.331209689,-0.287215918,-0.240407437,-0.190505207,-0.1371921,-0.0801065788,-0.0188336615,0.0447043665,0.104187004,0.159657583,0.21150896,0.260083348,0.305682153,0.348570585,0.388982803,0.427127421,0.463190019,0.497336298,0.529715002,0.560459673,0.58969146,0.617518485,0.644039929,0.669345498,0.69351697,0.716628611,0.738749027,0.759940088,0.780259311,0.799759328,0.818488777,0.8364923,0.853811443,0.870484233,0.886859655,0.903811336,0.921421707,0.939729929,0.958778381,0.978612542,0.999282062,1.02084112,1.04334795,1.06686676,1.09146774,1.11722636,1.14422691
-0.454545498,-1.88512683,-1.85278547,-1.82043993,-1.78809047,-1.75573707,-1.69832206,-1.63947654,-1.58456659,-1.53320968,-1.4850719,-1.43986022,-1.39731467,-1.3572073,-1.31933403,-1.28351331,-1.24958289,-1.21739686,-1.1868242,-1.15774667,-1.1300571,-1.1036588,-1.07846332,-1.05439031,-1.03136647,-1.00932503,-0.988204062,-0.967947364,-0.948502898,-0.929822981,-0.911863208,-0.894583046,-0.877944469,-0.861509025,-0.844462335,-0.826747835,-0.80832535,-0.789151609,-0.769179821,-0.748359263,-0.726634562,-0.703945637,-0.680227101,-0.65540731,-0.629407585,-0.602142036,-0.573515952,-0.543424964,-0.511753976,-0.478375137,-0.443146557,-0.405910611,-0.366490453,-0.324688613,-0.280282438,-0.233020693,-0.182619438,-0.128755018,-0.0710578933,-0.00910442416,0.0540412962,0.112888336,0.167786211,0.219119757,0.267225057,0.312396795,0.354895651,0.39495185,0.432769746,0.468531936,0.502401531,0.534524679,0.565032959,0.594045103,0.621668935,0.648000896,0.673129797,0.697136343,0.720093906,0.742069662,0.763125598,0.783317626,0.802698076,0.821314991,0.839212477,0.856431365,0.873009801,0.889444351,0.906497836,0.92421627,0.942638993,0.961808801,0.981772363,1.00257957,1.02428532,1.04694927,1.07063532,1.09541523,1.12136626,1.14857316,1.17712939
-0.393939257,-1.84773636,-1.81539464,-1.78304887,-1.75069928,-1.68889427,-1.63069618,-1.57636929,-1.52553964,-1.47788,-1.43310297,-1.39095509,-1.35121059,-1.31367064,-1.2781564,-1.24450803,-1.21258283,-1.18225145,-1.15339756,-1.12591577,-1.0997107,-1.07469523,-1.05079043,-1.02792394,-1.00602937,-0.985046327,-0.96491909,-0.945596397,-0.927030742,-0.909178972,-0.892000437,-0.875457942,-0.858948767,-0.841803849,-0.823984981,-0.805451691,-0.786160529,-0.76606375,-0.745110035,-0.723243415,-0.700403214,-0.676522434,-0.651529074,-0.625343263,-0.597877502,-0.569036126,-0.538713038,-0.506791055,-0.473140717,-0.43761763,-0.400061071,-0.360291749,-0.318108112,-0.273283809,-0.225562871,-0.174655154,-0.120231032,-0.0619131401,0.000734013855,0.0632742867,0.121495344,0.175829589,0.226653159,0.274295688,0.319046646,0.361161262,0.400865763,0.438361347,0.473826885,0.507423103,0.539293945,0.569568515,0.598363936,0.625786066,0.651930988,0.676885188,0.700728416,0.723533392,0.745366335,0.766287923,0.786354244,0.805616438,0.824121773,0.841914237,0.859034002,0.875519037,0.892041743,0.909198046,0.92702508,0.945563257,0.964855731,0.984949648,1.00589597,1.02774978,1.05057144,1.07442677,1.09938765,1.12553275,1.15294802,1.18172884,1.21197927
-0.333333254,-1.81034434,-1.77800298,-1.74135172,-1.67956269,-1.62200212,-1.56824899,-1.51793885,-1.47075129,-1.4264034,-1.38464737,-1.34526205,-1.30805123,-1.27283978,-1.2394706,-1.20780325,-1.17771041,-1.14907789,-1.12180161,-1.095788,-1.07095087,-1.04721272,-1.02450168,-1.00275314,-0.981906712,-0.961907983,-0.942705929,-0.924253941,-0.906509101,-0.889431536,-0.872975051,-0.856372714,-0.839128494,-0.821204364,-0.802559614,-0.783149838,-0.762926936,-0.741838932,-0.719829082,-0.696835697,-0.672791421,-0.647622645,-0.621248662,-0.593580902,-0.56452173,-0.533963859,-0.501788318,-0.467863023,-0.432041764,-0.394161016,-0.354037821,-0.311467648,-0.266219407,-0.218032703,-0.166611612,-0.11161916,-0.0526706837,0.0105495853,0.0724046156,0.130009696,0.183788434,0.234109879,0.281296343,0.325632185,0.367368042,0.406725615,0.443902701,0.479075581,0.5124017,0.544022918,0.574066579,0.602647841,0.629870772,0.655830026,0.68061167,0.704293609,0.726947486,0.748638809,0.769427776,0.789369226,0.808514357,0.826909184,0.844597578,0.861618996,0.878031552,0.894651711,0.911911607,0.929848254,0.948502898,0.967918992,0.988144279,1.00923061,1.03123391,1.05421519,1.07824111,1.10338473,1.12972569,1.15735185,1.18635952,1.21685433,1.24895442
-0.272727251,-1.77295196,-1.73141599,-1.67032468,-1.61339164,-1.56020463,-1.51040685,-1.46368432,-1.41976058,-1.37839127,-1.33936036,-1.30247486,-1.26756251,-1.23446965,-1.20305705,-1.17320049,-1.14478707,-1.11771441,-1.09189022,-1.06722999,-1.04365659,-1.02109993,-0.999495983,-0.978785217,-0.958913684,-0.939831197,-0.921491981,-0.903853416,-0.886875927,-0.8704772,-0.853780329,-0.836435974,-0.818405926,-0.799648583,-0.780119121,-0.759768963,-0.738545239,-0.716390908,-0.693242848,-0.669033349,-0.643687606,-0.617123306,-0.58925128,-0.559972167,-0.529176831,-0.496744543,-0.462541401,-0.426418126,-0.388208956,-0.347727805,-0.304765701,-0.25908801,-0.210428715,-0.15848656,-0.102917723,-0.0433284603,0.0202538576,0.0814341009,0.138433218,0.191665143,0.241491333,0.288228631,0.332154989,0.373516798,0.41253224,0.449394912,0.48427844,0.517337978,0.548712611,0.578527927,0.606897414,0.633923471,0.659699202,0.684309661,0.707832038,0.730336368,0.751887739,0.772545278,0.792363226,0.811392009,0.829677641,0.8472628,0.864186943,0.880556107,0.897274673,0.914638758,0.93268615,0.951457977,0.970998764,0.99135679,1.01258421,1.03473818,1.05788052,1.08207881,1.10740697,1.13394582,1.16178477,1.19102132,1.22176373,1.25413072,1.28825521
-0.21212101,-1.72158325,-1.66117918,-1.60486317,-1.55223441,-1.50294232,-1.45667839,-1.41317272,-1.37218583,-1.33350468,-1.2969408,-1.26232457,-1.22950423,-1.19834411,-1.16872132,-1.14052463,-1.11365366,-1.08801699,-1.06353164,-1.04012203,-1.01771832,-0.996257603,-0.975681186,-0.955935836,-0.93697226,-0.918744743,-0.9012115,-0.884333491,-0.867963493,-0.851171374,-0.833726108,-0.81558907,-0.796718121,-0.777067959,-0.756589353,-0.735228777,-0.712928295,-0.689624369,-0.665247798,-0.639722943,-0.612966835,-0.584888101,-0.555386543,-0.52435118,-0.491659105,-0.457174629,-0.420745999,-0.382204115,-0.341360062,-0.29800117,-0.251887858,-0.202749565,-0.150278464,-0.0941240862,-0.03388457,0.0298490562,0.0903655961,0.146767706,0.199461147,0.248799607,0.295093507,0.338616312,0.379609257,0.418286532,0.45483914,0.489436865,0.522232711,0.5533638,0.582953453,0.611113369,0.637944639,0.663539112,0.687980294,0.711344302,0.733700693,0.755113423,0.775640726,0.795336485,0.814250112,0.832427263,0.849910319,0.866737843,0.883093297,0.899910927,0.917379975,0.93553865,0.954428911,0.974095464,0.994587123,1.015957,1.03826308,1.06156778,1.08594,1.11145449,1.13819361,1.16624737,1.19571555,1.22670746,1.25934494,1.29376197,1.3301084
-0.151515007,-1.65212429,-1.59641719,-1.54433835,-1.49554396,-1.44973302,-1.40663981,-1.36603022,-1.32769525,-1.29144871,-1.2571249,-1.22457457,-1.19366395,-1.16427255,-1.13629019,-1.10961902,-1.08416831,-1.0598563,-1.03660858,-1.01435649,-0.99303776,-0.972594678,-0.952974677,-0.934128702,-0.916012108,-0.898583472,-0.881804168,-0.86543411,-0.848545849,-0.830998778,-0.812753737,-0.793768108,-0.773996174,-0.753387868,-0.731889188,-0.709441245,-0.685979724,-0.661434591,-0.635728896,-0.608778596,-0.580491185,-0.550764561,-0.519486308,-0.486531824,-0.451762438,-0.415024519,-0.376146019,-0.334934145,-0.291172981,-0.244618356,-0.194993898,-0.141986385,-0.0852373466,-0.0243368652,0.0393364429,0.0992001742,0.155014649,0.207177326,0.256035209,0.30189231,0.345016718,0.385645747,0.423989475,0.460235387,0.494551063,0.527086556,0.557976604,0.587343216,0.615295947,0.641934514,0.667349637,0.691623151,0.714830577,0.73704052,0.7583161,0.778714418,0.79828912,0.817088723,0.835158587,0.852540076,0.869272053,0.885642767,0.902560294,0.92013514,0.938406169,0.957415462,0.977208912,0.997835517,1.01934934,1.04180861,1.06527734,1.08982503,1.11552787,1.14246869,1.17073989,1.20044196,1.23168683,1.26459718,1.29931056,1.33597839,1.37477088
-0.0909090042,-1.5880518,-1.5365144,-1.48821092,-1.44284678,-1.40016127,-1.35992408,-1.32193053,-1.28599787,-1.25196326,-1.21967983,-1.18901634,-1.15985334,-1.13208365,-1.10560989,-1.08034325,-1.05620325,-1.0331161,-1.01101434,-0.989836335,-0.969525456,-0.950029433,-0.931300402,-0.913293898,-0.895968914,-0.87928766,-0.862888575,-0.845903337,-0.828253508,-0.809899569,-0.790798247,-0.770903349,-0.750164211,-0.728526056,-0.70592922,-0.682308555,-0.657592952,-0.631704688,-0.60455811,-0.576059639,-0.546105683,-0.51458168,-0.4813613,-0.446303904,-0.409252733,-0.370033115,-0.328449011,-0.284279883,-0.237277582,-0.187160373,-0.133608058,-0.0762555748,-0.0146833034,0.0487189293,0.10793972,0.163175881,0.21481581,0.263199687,0.308626086,0.351357639,0.391627312,0.429641753,0.465585053,0.499621868,0.531900048,0.562552094,0.591697931,0.61944586,0.645893931,0.671131194,0.695239067,0.7182917,0.740356624,0.761495829,0.781766772,0.80122143,0.819908082,0.837871492,0.855152547,0.871789694,0.888204813,0.90522325,0.92290467,0.941288888,0.960418224,0.980339229,1.00110209,1.02276099,1.04537535,1.06900942,1.09373438,1.11962688,1.14677203,1.17526269,1.20520139,1.23670125,1.26988816,1.30490053,1.34189451,1.38104141,1.4225359
-0.0303030014,-1.52876163,-1.48094273,-1.43601918,-1.39373565,-1.3538667,-1.31621027,-1.28058815,-1.24683928,-1.21481979,-1.18440056,-1.15546405,-1.12790465,-1.10162652,-1.07654214,-1.05257237,-1.02964413,-1.00769126,-0.986652911,-0.966473162,-0.947100222,-0.928487003,-0.910589755,-0.893367767,-0.876783729,-0.860326648,-0.843243659,-0.825490236,-0.807026327,-0.787808418,-0.767789364,-0.746918082,-0.725139081,-0.702391803,-0.678610325,-0.653722584,-0.627649724,-0.600304961,-0.571592987,-0.541408896,-0.509636581,-0.476147264,-0.440798104,-0.403430015,-0.36386475,-0.321903288,-0.277320951,-0.229864404,-0.179247066,-0.125142142,-0.0671763867,-0.00492199603,0.0579983294,0.116586536,0.171252638,0.222377762,0.270294547,0.315295875,0.357640058,0.397555053,0.435244322,0.470888793,0.504650235,0.536673963,0.56709075,0.596018434,0.623563588,0.64982307,0.674884737,0.698828578,0.721727788,0.743648946,0.764653623,0.784797966,0.804133773,0.822708547,0.840566397,0.857748032,0.874291122,0.890779734,0.907899618,0.925688565,0.944186866,0.963437378,0.983487308,1.00438726,1.02619267,1.04896307,1.0727644,1.09766805,1.12375236,1.1511035,1.17981613,1.20999384,1.24175215,1.27521813,1.310534,1.34785652,1.38736284,1.42924917,1.47373772
0.0303030014,-1.47373772,-1.42924917,-1.38736272,-1.34785676,-1.31053412,-1.27521813,-1.24175215,-1.20999384,-1.17981589,-1.15110362,-1.12375247,-1.09766805,-1.0727644,-1.04896295,-1.02619255,-1.00438738,-0.983487427,-0.963437378,-0.944186866,-0.925688565,-0.907899559,-0.890779793,-0.874291122,-0.857748032,-0.840566397,-0.822708488,-0.804133654,-0.784797966,-0.764653683,-0.743648946,-0.72172761,-0.698828638,-0.674884737,-0.64982307,-0.623563647,-0.596018434,-0.56709075,-0.536673963,-0.504650235,-0.470888793,-0.435244322,-0.397555053,-0.357640058,-0.315295875,-0.270294547,-0.222377762,-0.171252638,-0.116586536,-0.0579983294,0.00492199603,0.0671763867,0.125142142,0.179247066,0.229864404,0.277320951,0.321903288,0.36386475,0.403430015,0.440798104,0.476147264,0.509636581,0.541408896,0.571592987,0.600304961,0.627649724,0.653722584,0.678610325,0.702391803,0.725138962,0.746918142,0.767789364,0.787808359,0.807026267,0.825490296,0.843243659,0.860326648,0.876783729,0.893367767,0.910589635,0.928487122,0.947100282,0.966473162,0.986652911,1.00769126,1.02964413,1.05257237,1.07654214,1.10162652,1.12790465,1.15546393,1.18440044,1.21481991,1.24683928,1.28058815,1.31621027,1.35386646,1.39373553,1.4360193,1.48094273,1.52876163
0.0909092426,-1.42253566,-1.38104117,-1.34189403,-1.30490053,-1.26988804,-1.23670113,-1.20520115,-1.17526257,-1.14677167,-1.11962688,-1.09373415,-1.06900942,-1.04537499,-1.02276075,-1.00110185,-0.980339289,-0.960418165,-0.941288829,-0.92290467,-0.905223191,-0.888204753,-0.871789694,-0.855152547,-0.837871313,-0.819907963,-0.801221251,-0.781766653,-0.761495829,-0.740356565,-0.718291521,-0.695239007,-0.671131253,-0.645893812,-0.619445741,-0.591697931,-0.562552035,-0.531899989,-0.499621749,-0.465584874,-0.429641575,-0.391627073,-0.35135743,-0.308625877,-0.263199449,-0.214815557,-0.163175628,-0.107939474,-0.0487186462,0.0146836052,0.076255843,0.133608297,0.187160596,0.237277761,0.284280092,0.328449219,0.370033354,0.409252912,0.446304172,0.481361508,0.514581859,0.546105862,0.576059759,0.604558229,0.631704748,0.657593012,0.682308614,0.705929279,0.728526175,0.75016427,0.770903468,0.790798426,0.809899688,0.828253508,0.845903516,0.862888634,0.87928772,0.895968974,0.913293958,0.931300461,0.950029612,0.969525635,0.989836514,1.01101446,1.03311598,1.05620337,1.08034348,1.10561013,1.13208377,1.15985346,1.18901634,1.21967983,1.2519635,1.28599799,1.32193065,1.35992432,1.40016127,1.44284678,1.48821127,1.53651452,1.58805192
0.151515245,-1.37477076,-1.33597803,-1.29931021,-1.26459718,-1.23168671,-1.20044184,-1.17073977,-1.14246869,-1.11552751,-1.08982503,-1.06527734,-1.04180849,-1.01934922,-0.997835219,-0.977208734,-0.957415462,-0.93840611,-0.920135081,-0.902560234,-0.885642588,-0.869271874,-0.852540016,-0.835158408,-0.817088604,-0.798289061,-0.778714418,-0.758315861,-0.737040579,-0.714830518,-0.691623092,-0.667349398,-0.641934454,-0.615295827,-0.587343037,-0.557976544,-0.527086377,-0.494550914,-0.460235238,-0.423989236,-0.385645568,-0.345016539,-0.301892072,-0.256035,-0.207177088,-0.155014411,-0.0991999283,-0.0393361673,0.0243371576,0.0852376148,0.141986653,0.194994166,0.244618595,0.29117322,0.334934384,0.376146138,0.415024608,0.451762527,0.486531943,0.519486487,0.55076474,0.580491364,0.608778775,0.635729015,0.661434591,0.685979784,0.709441304,0.731889367,0.753387928,0.773996174,0.793768346,0.812753797,0.830998778,0.848545849,0.865434289,0.881804287,0.898583591,0.916012168,0.934128702,0.952974617,0.972594798,0.993037939,1.01435661,1.0366087,1.05985641,1.08416831,1.10961914,1.13629043,1.16427255,1.19366419,1.22457469,1.2571249,1.29144895,1.32769549,1.36603034,1.40664017,1.44973302,1.49554396,1.54433846,1.59641743,1.65212464
0.212121248,-1.33010828,-1.29376185,-1.25934458,-1.22670746,-1.19571555,-1.16624737,-1.13819349,-1.11145437,-1.08593976,-1.06156778,-1.03826308,-1.01595688,-0.994586945,-0.974095285,-0.954428732,-0.93553865,-0.917379856,-0.899910867,-0.883093238,-0.866737783,-0.84991014,-0.832427382,-0.814250171,-0.795336425,-0.775640666,-0.755113363,-0.733700573,-0.711344242,-0.687980175,-0.663538992,-0.63794452,-0.611113191,-0.582953274,-0.553363621,-0.522232652,-0.489436775,-0.454838991,-0.418286383,-0.379609078,-0.338616163,-0.295093268,-0.248799384,-0.199460924,-0.146767452,-0.0903653279,-0.0298487768,0.0338848494,0.094124347,0.150278702,0.202749833,0.251888037,0.298001438,0.341360211,0.382204294,0.420746207,0.457174808,0.491659194,0.524351299,0.555386662,0.584888339,0.612966955,0.639723063,0.665247977,0.689624488,0.712928295,0.735228777,0.756589413,0.777068079,0.79671818,0.81558907,0.833726227,0.851171434,0.867963612,0.88433367,0.901211619,0.918744802,0.93697232,0.955935955,0.975681245,0.996257722,1.01771855,1.04012203,1.06353188,1.08801699,1.11365354,1.14052474,1.16872156,1.19834423,1.22950447,1.26232457,1.29694092,1.33350503,1.37218606,1.41317308,1.45667863,1.50294232,1.55223465,1.60486376,1.66117954,1.7215836
0.272727489,-1.2882551,-1.2541306,-1.22176325,-1.19102132,-1.16178477,-1.13394582,-1.10740685,-1.0820787,-1.05788028,-1.03473818,-1.01258433,-0.991356671,-0.970998645,-0.951457679,-0.932685852,-0.914638698,-0.897274673,-0.880556047,-0.864186823,-0.847262561,-0.829677522,-0.81139195,-0.792363167,-0.772545159,-0.751887619,-0.730336249,-0.7078318,-0.684309602,-0.659699321,-0.633923411,-0.606897235,-0.578527868,-0.548712432,-0.517337739,-0.484278351,-0.449394792,-0.412532002,-0.373516619,-0.33215481,-0.288228393,-0.241491124,-0.191664875,-0.138432965,-0.0814338401,-0.0202535763,0.0433287397,0.102917984,0.158486813,0.210428938,0.259088308,0.30476594,0.347727954,0.388209164,0.426418334,0.462541491,0.496744663,0.52917695,0.559972286,0.589251459,0.617123485,0.643687725,0.669033468,0.693242967,0.716391087,0.738545418,0.759769022,0.780119121,0.799648583,0.818405986,0.836436033,0.853780448,0.87047714,0.886875987,0.903853536,0.9214921,0.939831316,0.958913803,0.978785217,0.999495983,1.02110028,1.04365671,1.06723011,1.09189045,1.11771464,1.14478707,1.17320073,1.20305741,1.23446989,1.26756263,1.30247486,1.33936036,1.37839162,1.41976082,1.46368444,1.51040697,1.56020463,1.61339164,1.67032516,1.73141623,1.77295208
0.333333492,-1.2489543,-1.21685421,-1.18635917,-1.15735173,-1.12972581,-1.10338461,-1.07824087,-1.05421495,-1.03123367,-1.00923049,-0.988144219,-0.967918873,-0.948502839,-0.929848075,-0.911911368,-0.894651711,-0.878031552,-0.861618936,-0.844597399,-0.826909184,-0.808514118,-0.789369285,-0.769427776,-0.74863869,-0.726947367,-0.70429337,-0.680611432,-0.655830026,-0.629870772,-0.602647722,-0.57406646,-0.544022799,-0.512401581,-0.479075372,-0.443902612,-0.406725436,-0.367367864,-0.325631946,-0.281296194,-0.23410961,-0.18378821,-0.130009472,-0.0724043474,-0.0105493022,0.0526710004,0.111619398,0.16661185,0.218032897,0.266219616,0.311467856,0.35403803,0.394161165,0.432041883,0.467863172,0.501788437,0.533964038,0.564521849,0.59358108,0.621248782,0.647622705,0.6727916,0.696835816,0.719829261,0.741839111,0.762927055,0.783149958,0.802559733,0.821204543,0.839128494,0.856372714,0.872975171,0.889431655,0.906509161,0.92425406,0.942706048,0.961908042,0.981906831,1.00275314,1.02450168,1.04721284,1.0709511,1.09578812,1.12180185,1.14907789,1.17771041,1.20780337,1.23947084,1.27283978,1.30805147,1.34526229,1.38464761,1.42640376,1.47075152,1.51793909,1.56824923,1.62200177,1.67956269,1.74135256,1.77800298,1.8103447
0.393939495,-1.21197915,-1.1817286,-1.1529479,-1.12553275,-1.09938753,-1.07442665,-1.0505712,-1.02774954,-1.00589585,-0.984949589,-0.96485579,-0.945563078,-0.92702502,-0.909197927,-0.892041504,-0.875519037,-0.859033942,-0.841914117,-0.824121773,-0.805616319,-0.786354125,-0.766287863,-0.745366275,-0.723533332,-0.700728357,-0.676885009,-0.65193063,-0.625786006,-0.598363876,-0.569568396,-0.539293647,-0.507422984,-0.473826796,-0.438361138,-0.400865704,-0.361161083,-0.319046438,-0.274295449,-0.22665295,-0.175829366,-0.121495135,-0.0632740036,-0.000733701163,0.0619133897,0.120231278,0.174655393,0.225563079,0.273284018,0.31810829,0.360291958,0.40006125,0.437617838,0.473140836,0.506791234,0.538713217,0.569036245,0.597877681,0.625343323,0.651529133,0.676522672,0.700403214,0.723243535,0.745110154,0.766063869,0.786160648,0.80545181,0.823984981,0.841803849,0.858948886,0.875458062,0.892000496,0.909178972,0.927030802,0.945596457,0.964919209,0.985046387,1.00602949,1.02792382,1.05079043,1.07469547,1.09971082,1.12591577,1.1533978,1.18225157,1.21258283,1.2445085,1.27815652,1.31367075,1.35121071,1.39095497,1.4331032,1.47788036,1.52553988,1.57636952,1.63069654,1.68889439,1.75069976,1.78304923,1.81539476,1.84773636
0.454545498,-1.17712939,-1.14857316,-1.12136626,-1.09541547,-1.07063544,-1.04694927,-1.02428532,-1.00257957,-0.981772304,-0.96180886,-0.942639053,-0.92421627,-0.906497836,-0.889444232,-0.873009801,-0.856431484,-0.839212537,-0.82131505,-0.802698076,-0.783317566,-0.763125479,-0.742069781,-0.720093966,-0.697136343,-0.673129797,-0.648000777,-0.621668756,-0.594045281,-0.565033078,-0.534524679,-0.502401471,-0.468532026,-0.432769746,-0.394951761,-0.354895681,-0.312396795,-0.267225057,-0.219119757,-0.167786226,-0.112888336,-0.0540413037,0.00910442416,0.0710578933,0.128755018,0.182619438,0.233020723,0.280282408,0.324688584,0.366490424,0.405910611,0.443146527,0.478375137,0.511753976,0.543424964,0.573515952,0.602142036,0.629407585,0.65540731,0.68022716,0.703945637,0.726634502,0.748359263,0.769179821,0.789151609,0.80832535,0.826747835,0.844462454,0.861509025,0.87794441,0.894583046,0.911863208,0.929822981,0.948502839,0.967947423,0.988204062,1.00932503,1.03136647,1.05439031,1.07846308,1.10365891,1.13005722,1.15774667,1.1868242,1.21739674,1.24958277,1.28351343,1.31933427,1.3572073,1.39731467,1.43985987,1.48507178,1.5332098,1.58456659,1.63947654,1.69832206,1.75573695,1.78809047,1.82044029,1.85278547,1.88512683
0.515151501,-1.14422691,-1.11722648,-1.09146762,-1.06686687,-1.04334807,-1.020841,-0.999282002,-0.978612602,-0.958778262,-0.939729989,-0.921421766,-0.903811276,-0.886859655,-0.870484173,-0.853811383,-0.836492419,-0.818488777,-0.799759328,-0.780259311,-0.759940028,-0.738748968,-0.71662873,-0.693517029,-0.669345498,-0.644039929,-0.617518425,-0.589691281,-0.560459793,-0.529715002,-0.497336298,-0.463189989,-0.427127391,-0.388982803,-0.348570526,-0.305682242,-0.260083348,-0.21150896,-0.159657583,-0.104186989,-0.0447043665,0.0188336633,0.0801065788,0.1371921,0.190505207,0.240407437,0.287215918,0.331209689,0.372634858,0.411710054,0.448629558,0.483566672,0.516677201,0.548100173,0.577961445,0.606374562,0.633442104,0.659257531,0.683905661,0.707463741,0.730002344,0.751586556,0.772275209,0.79212302,0.811180413,0.829493165,0.847104371,0.864053547,0.88044399,0.897179306,0.914562047,0.93263042,0.951425791,0.970992744,0.991380274,1.01264036,1.03483009,1.05801249,1.08225513,1.10763228,1.1342262,1.16212535,1.1914289,1.22224534,1.25469506,1.28891087,1.32504177,1.36325216,1.40372765,1.44667482,1.49232757,1.54095054,1.59284234,1.64834416,1.70784569,1.7607702,1.79312718,1.82548046,1.85783005,1.89017534,1.92251611
0.575757742,-1.11311233,-1.08754408,-1.06312084,-1.03976786,-1.01741624,-0.996002495,-0.97546947,-0.955763519,-0.936835825,-0.918641269,-0.901138008,-0.884287238,-0.867941678,-0.851173401,-0.833753228,-0.815642715,-0.7967996,-0.777178824,-0.756731212,-0.735403299,-0.713137269,-0.689869761,-0.665531576,-0.640047491,-0.613334477,-0.58530128,-0.555848002,-0.524863839,-0.492226571,-0.457800061,-0.42143324,-0.382957727,-0.342184365,-0.298901051,-0.252869159,-0.203818336,-0.151441768,-0.0953891277,-0.0352601968,0.0284582805,0.0890616253,0.145544797,0.198314205,0.247724593,0.294086158,0.33767271,0.378726214,0.41746071,0.45406729,0.488716751,0.521561682,0.552739501,0.582373619,0.610575855,0.637447596,0.663080513,0.687558472,0.710957766,0.733347654,0.754792333,0.775350392,0.795075476,0.814017355,0.832221508,0.849730194,0.866582394,0.882956862,0.899789631,0.917275667,0.935453713,0.954365432,0.974056125,0.994574904,1.01597548,1.03831518,1.06165755,1.08607149,1.11163223,1.13842285,1.1665343,1.19606614,1.2271291,1.25984526,1.29434991,1.33079445,1.3693465,1.41019428,1.45354891,1.49964857,1.54876304,1.60119724,1.6573,1.71746922,1.76579928,1.79815996,1.83051658,1.86286962,1.89521861,1.92756379,1.95990443
0.636363745,-1.08364439,-1.05939722,-1.03620863,-1.01401055,-0.992741287,-0.972343445,-0.952764809,-0.933956683,-0.91587472,-0.898477733,-0.881727457,-0.865381956,-0.848517418,-0.830995262,-0.812776566,-0.793818772,-0.774076104,-0.753498793,-0.732032835,-0.709619343,-0.68619436,-0.661687851,-0.636023164,-0.609116316,-0.580875039,-0.55119735,-0.519970953,-0.487071842,-0.452361703,-0.415686786,-0.376875639,-0.335736394,-0.292052805,-0.245581537,-0.196047321,-0.143137127,-0.0864937901,-0.0257076919,0.0379801802,0.0979238153,0.153813913,0.206047833,0.254972845,0.300893754,0.344078571,0.384764642,0.423162937,0.459460735,0.493825555,0.526408076,0.557343066,0.586752594,0.614746392,0.641424119,0.666876554,0.691185892,0.71442765,0.736670434,0.757977128,0.778405666,0.798009157,0.816836476,0.834932804,0.852339923,0.8690961,0.885482907,0.902414024,0.920004249,0.938292623,0.957321644,0.977137148,0.997788727,1.01933062,1.04182172,1.06532538,1.08991206,1.11565852,1.14264822,1.17097342,1.20073628,1.23204839,1.26503396,1.29983091,1.33659267,1.37548995,1.41671562,1.46048307,1.50703609,1.55664873,1.60963333,1.66634524,1.72719252,1.770823,1.80318749,1.83554816,1.8679049,1.90025747,1.9326067,1.96495116,1.9972918
0.696969748,-1.05569565,-1.03266978,-1.01062417,-0.98949796,-0.969234347,-0.949781537,-0.931092143,-0.913122058,-0.895830512,-0.879179716,-0.86280483,-0.845843017,-0.828217983,-0.809890211,-0.790816545,-0.770950794,-0.750242412,-0.728636801,-0.706074595,-0.682490349,-0.657813609,-0.631966531,-0.604863703,-0.576411545,-0.546506941,-0.515035629,-0.481871337,-0.446873724,-0.409886837,-0.370735914,-0.329225391,-0.285135835,-0.238218874,-0.188193962,-0.134742007,-0.0774980336,-0.0160443969,0.0474014059,0.106695741,0.162001282,0.213707462,0.262154013,0.307639837,0.350428253,0.390751928,0.428817689,0.464810312,0.498894006,0.531216979,0.56191206,0.591099024,0.61888653,0.645372331,0.670645893,0.694788456,0.717874408,0.739971101,0.761141181,0.781441331,0.800924182,0.819638073,0.837627411,0.854933619,0.871594787,0.88802284,0.905052841,0.922748029,0.941147625,0.960294962,0.980236232,1.00102174,1.02270639,1.0453496,1.0690167,1.09377801,1.1197114,1.1469022,1.17544401,1.20543981,1.23700404,1.270262,1.3053546,1.34243751,1.38168454,1.42329156,1.46747804,1.51449013,1.56460834,1.61815143,1.67548251,1.73701775,1.77584291,1.80821097,1.84057522,1.8729353,1.90529156,1.93764412,1.96999264,2.00233698,2.03467774
0.757575989,-1.02915132,-1.00725698,-0.986271977,-0.966141403,-0.946813762,-0.928242147,-0.910382986,-0.893196046,-0.876644194,-0.860209882,-0.84314996,-0.825421035,-0.806982994,-0.787792325,-0.767802298,-0.746961653,-0.725215077,-0.702502251,-0.678757429,-0.653908491,-0.627876639,-0.600575686,-0.571910381,-0.541776061,-0.510056674,-0.476624042,-0.441335529,-0.40403226,-0.364536852,-0.322650254,-0.278148681,-0.230779588,-0.180256695,-0.126254216,-0.0684003457,-0.00626764121,0.056723807,0.115379028,0.170108795,0.221294418,0.269269317,0.314325988,0.356722921,0.39668867,0.434426248,0.470116943,0.503922939,0.535989285,0.566446841,0.595413864,0.622996867,0.649292767,0.674389243,0.698366702,0.721298099,0.74325037,0.76428479,0.784457803,0.803821146,0.822422445,0.840305865,0.857511997,0.874078631,0.890576661,0.907706499,0.925507367,0.944019318,0.963285744,0.983353794,1.00427449,1.02610314,1.04890025,1.07273149,1.09766924,1.12379193,1.15118575,1.17994606,1.21017742,1.24199593,1.27552986,1.31092155,1.34832931,1.38793087,1.42992461,1.47453427,1.52201235,1.57264376,1.62675321,1.68471301,1.746948,1.78085852,1.81323028,1.84559786,1.87796175,1.91032159,1.94267726,1.97502983,2.00737786,2.03972197,2.07206225
0.818181992,-1.00390816,-0.983063877,-0.963065088,-0.943861544,-0.925406456,-0.907657385,-0.890574396,-0.874118924,-0.857597232,-0.840438247,-0.822604537,-0.804055154,-0.784746468,-0.764630616,-0.743656456,-0.721767366,-0.698902488,-0.674994886,-0.649971902,-0.623753607,-0.596252203,-0.567371368,-0.537004471,-0.505033791,-0.47132957,-0.435746282,-0.398122609,-0.358277947,-0.316010118,-0.271090746,-0.223262563,-0.172234148,-0.117672734,-0.0591986813,0.00363248074,0.0659494027,0.123974718,0.178137407,0.228809953,0.276319325,0.320952743,0.36296314,0.402575284,0.439988852,0.475381345,0.508912563,0.540725231,0.570948064,0.599697351,0.627077997,0.653185606,0.678107083,0.701920688,0.72469914,0.746508241,0.767408311,0.787455201,0.806699991,0.82518959,0.842967927,0.860074937,0.876553535,0.893144429,0.91037482,0.928282201,0.946907222,0.966293991,0.986489952,1.0075469,1.02952087,1.05247331,1.07647061,1.1015861,1.12789965,1.15549862,1.18447983,1.21494949,1.24702549,1.28083813,1.31653237,1.35426891,1.39422917,1.43661499,1.48165393,1.52960348,1.58075547,1.63544035,1.69403827,1.75349164,1.78586984,1.81824481,1.85061586,1.88298368,1.91534662,1.94770646,1.98006177,2.01241422,2.0447619,2.077106,2.10944533
0.878787994,-0.979873002,-0.960005105,-0.940924287,-0.922585368,-0.904945254,-0.887965262,-0.871582508,-0.854966581,-0.83770752,-0.819767773,-0.801106215,-0.781678081,-0.761435449,-0.740326166,-0.71829313,-0.695274532,-0.671202719,-0.646003783,-0.619596779,-0.5918926,-0.562793255,-0.532191217,-0.499966502,-0.465986907,-0.43010512,-0.39215672,-0.351958275,-0.309303582,-0.263960451,-0.215666518,-0.164124548,-0.108995453,-0.049891144,0.0134531716,0.0750797093,0.132485121,0.186088488,0.236255422,0.283305764,0.327521145,0.369150281,0.408413261,0.445506185,0.480604291,0.513863742,0.545425355,0.575416028,0.603949845,0.631130457,0.657051742,0.681799352,0.70545119,0.728077888,0.749744833,0.770511985,0.790433824,0.809561133,0.827940226,0.845614254,0.862622857,0.879040062,0.895726562,0.913058221,0.93107307,0.949812174,0.969320118,0.989645183,1.01083946,1.03296006,1.05606914,1.08023417,1.10552919,1.13203537,1.1598419,1.18904626,1.21975672,1.25209284,1.28618729,1.32218719,1.36025727,1.40058076,1.44336331,1.4888376,1.53726554,1.58894455,1.64421356,1.70345926,1.75849533,1.79087734,1.82325566,1.85562992,1.88800085,1.92036784,1.95273101,1.98508978,2.01744556,2.04979682,2.0821445,2.11448789,2.14682722
0.939393997,-0.956960976,-0.938002288,-0.919778049,-0.902246356,-0.885368645,-0.869028866,-0.852317452,-0.8349576,-0.816910744,-0.798135757,-0.778587222,-0.7582165,-0.736970663,-0.714792132,-0.691618085,-0.667380214,-0.642003357,-0.615405321,-0.587496102,-0.558176041,-0.527335644,-0.494853795,-0.46059528,-0.424411058,-0.386133671,-0.345576525,-0.302529454,-0.256756306,-0.207989782,-0.155926421,-0.100220196,-0.0404755995,0.0231696963,0.0841168091,0.140911266,0.193963811,0.243631825,0.290229529,0.334032506,0.37528488,0.414203137,0.45097959,0.48578617,0.518777192,0.55009073,0.579851449,0.608172178,0.635154665,0.660891473,0.685467064,0.708958089,0.731434643,0.752961099,0.773596168,0.793394268,0.812404931,0.830674291,0.848244905,0.865155935,0.881540239,0.898323298,0.915757,0.93388015,0.952734292,0.972364426,0.992819548,1.01415253,1.03642106,1.05968821,1.08402252,1.10949886,1.13619971,1.16421521,1.19364536,1.22459936,1.25719881,1.29157829,1.32788789,1.36629474,1.40698576,1.45017076,1.49608612,1.544999,1.59721327,1.65307438,1.71297884,1.76349592,1.79588079,1.82826197,1.86063969,1.89301372,1.9253844,1.95775104,1.99011374,2.02247262,2.05482769,2.08717847,2.11952567,2.15186858,2.18420744
1,-0.935095191,-0.916984856,-0.899560571,-0.882784128,-0.866457582,-0.849649727,-0.832188129,-0.814033449,-0.795143545,-0.775473535,-0.754973292,-0.73358959,-0.711264074,-0.687932909,-0.663526893,-0.637970209,-0.611179173,-0.583062351,-0.553518832,-0.522437453,-0.489694744,-0.455154091,-0.418663263,-0.380052567,-0.339131624,-0.295686781,-0.249477342,-0.200230822,-0.147638023,-0.0913457572,-0.0309495442,0.0327840783,0.0930620879,0.149255097,0.201764449,0.250940859,0.297091573,0.340487719,0.38136819,0.419945568,0.456409305,0.490928054,0.523653448,0.554721534,0.584254801,0.612364531,0.639150918,0.664705157,0.689110398,0.71244216,0.734769881,0.756156981,0.776661217,0.796336412,0.815231621,0.833392143,0.850860119,0.86767441,0.884054542,0.900934637,0.918471336,0.936703682,0.955673695,0.975427091,0.996013463,1.01748633,1.03990436,1.06333089,1.08783591,1.11349559,1.14039314,1.16862011,1.19827783,1.22947812,1.26234365,1.29701161,1.33363461,1.37238252,1.41344583,1.4570384,1.50340056,1.55280566,1.60556281,1.66202569,1.72259772,1.76849222,1.80088043,1.83326507,1.86564577,1.89802301,1.93039668,1.96276653,1.9951328,2.02749491,2.05985355,2.09220791,2.12455821,2.15690494,2.18924809,2.22158623
1.060606,-0.914205432,-0.896887839,-0.880211949,-0.863868415,-0.846963584,-0.829398811,-0.811135113,-0.792129755,-0.772336364,-0.751705408,-0.730182528,-0.70770824,-0.684218526,-0.659642637,-0.633903921,-0.606917679,-0.578590751,-0.548821151,-0.517495573,-0.484488994,-0.449662507,-0.412861258,-0.373912424,-0.332622439,-0.288774103,-0.242121935,-0.192388296,-0.139257506,-0.0823696181,-0.0213112384,0.0422983877,0.101917595,0.157517925,0.209492013,0.25818333,0.303893417,0.34688738,0.387400836,0.425641686,0.461796165,0.49603042,0.528492987,0.559318185,0.588626802,0.616527617,0.643119872,0.668493271,0.692729831,0.715903938,0.738084137,0.759332776,0.779707551,0.799260855,0.818041384,0.836094081,0.853460431,0.870178461,0.88658309,0.903561056,0.921201468,0.939543903,0.95863086,0.978508592,0.999227226,1.02084124,1.04340982,1.06699753,1.09167504,1.1175195,1.14461565,1.17305648,1.20294452,1.23439348,1.26752841,1.30248809,1.33942807,1.37852168,1.41996181,1.46396661,1.51078272,1.56068635,1.61399472,1.67106748,1.73231876,1.77348459,1.80587614,1.83826363,1.87064791,1.90302837,1.93540478,1.96777809,2.00014782,2.03251362,2.06487513,2.09723282,2.12958717,2.161937,2.19428349,2.22662568,2.25896358
1.12121201,-0.894227803,-0.877652168,-0.861261249,-0.844258249,-0.826589644,-0.808215737,-0.789093435,-0.769176006,-0.748412788,-0.726749063,-0.704124629,-0.680474281,-0.655726969,-0.629803956,-0.602620006,-0.574080706,-0.544082165,-0.512509525,-0.479235709,-0.444119453,-0.407003462,-0.3677122,-0.326048285,-0.281790376,-0.234688953,-0.184460521,-0.130783439,-0.073289983,-0.0115583707,0.0517141297,0.110684961,0.165701032,0.217147529,0.265360564,0.310635537,0.353233099,0.393383592,0.431292236,0.467141032,0.501093805,0.533296883,0.563881814,0.59296757,0.620661736,0.647061825,0.672255933,0.696325421,0.719343364,0.741377294,0.76248914,0.782735169,0.802167833,0.820834637,0.838780224,0.856045604,0.872668505,0.889126062,0.906202734,0.923947752,0.942401052,0.961606026,0.981609046,1.00246119,1.02421761,1.04693818,1.07068861,1.09554029,1.12157142,1.1488682,1.17752481,1.20764601,1.23934603,1.272753,1.30800831,1.34526932,1.38471198,1.42653418,1.47095764,1.51823246,1.5686425,1.62250984,1.68020284,1.74214351,1.77847409,1.81086814,1.84325898,1.875646,1.90802956,1.94040942,1.97278595,2.00515866,2.0375278,2.06989264,2.10225391,2.13461137,2.16696501,2.19931412,2.23166037,2.26400185,2.29633927
1.18181849,-0.875103831,-0.858635783,-0.841533601,-0.823760092,-0.805274904,-0.786034584,-0.765991688,-0.745095015,-0.723288834,-0.700512528,-0.676700056,-0.651778758,-0.625669777,-0.598285735,-0.5695315,-0.539301217,-0.507478416,-0.473933935,-0.438524276,-0.401089251,-0.361450255,-0.319407105,-0.274733871,-0.227176294,-0.176445678,-0.122213401,-0.0641045049,-0.00168775406,0.0610339604,0.119365782,0.173806518,0.224732801,0.272473812,0.317319751,0.359525651,0.39931798,0.436897933,0.472444952,0.50611943,0.538065314,0.568412781,0.597278237,0.624767721,0.650977373,0.675994337,0.699897945,0.722761393,0.744650364,0.765626252,0.785744786,0.805057466,0.823611796,0.841451228,0.858616352,0.87514466,0.891683936,0.908859968,0.926710486,0.945275724,0.964599431,0.984729052,1.00571585,1.0276159,1.05049002,1.0744046,1.09943187,1.12565172,1.15315115,1.18202615,1.21238267,1.24433708,1.27801907,1.31357288,1.35115898,1.39095604,1.43316495,1.47801232,1.52575278,1.57667589,1.63111067,1.68943286,1.75105989,1.7834599,1.81585658,1.84825063,1.88064063,1.91302741,1.94541037,1.97778988,2.01016545,2.04253769,2.07490635,2.10727096,2.13963151,2.17198849,2.20434165,2.23669076,2.26903582,2.30137682,2.33371377
1.24242449,-0.85599196,-0.838789761,-0.820910275,-0.802312791,-0.782953143,-0.762783289,-0.74175173,-0.719801784,-0.696871936,-0.672895432,-0.647798657,-0.621501148,-0.593915045,-0.564942896,-0.534478068,-0.502402067,-0.468583226,-0.43287614,-0.395118088,-0.355126917,-0.312698811,-0.267604321,-0.219583616,-0.16834268,-0.113546759,-0.0548121035,0.00830344856,0.0702585429,0.127961069,0.181834787,0.232247964,0.279523671,0.323945999,0.365765274,0.4052037,0.442459166,0.477707505,0.511107028,0.542798936,0.572910905,0.601558506,0.628845453,0.654866636,0.679707944,0.70344758,0.726157486,0.747903049,0.76874429,0.788736343,0.80793035,0.826372683,0.844106793,0.861172497,0.877622604,0.894256473,0.911532879,0.929489553,0.948167682,0.967611194,0.987868428,1.00899124,1.03103614,1.05406511,1.07814538,1.10335028,1.12976074,1.15746498,1.18656027,1.2171545,1.24936604,1.28332686,1.31918263,1.35709727,1.39725292,1.43985403,1.48513067,1.53334296,1.58478665,1.63979733,1.69875908,1.75603986,1.78844273,1.82084203,1.8532387,1.88563144,1.91802108,1.95040739,1.98278964,2.01516819,2.047544,2.07991505,2.11228347,2.14464712,2.17700768,2.20936346,2.24171591,2.27406454,2.30640936,2.33874941,2.37108612
1.30303049,-0.836026311,-0.818039894,-0.799328744,-0.779848695,-0.759550869,-0.738382757,-0.716287494,-0.693202436,-0.669059813,-0.643785596,-0.61729759,-0.589506745,-0.560314476,-0.529611945,-0.497279286,-0.463182926,-0.427174538,-0.38908866,-0.348740458,-0.305922151,-0.26039964,-0.211909056,-0.160149992,-0.104780622,-0.045410119,0.0181242935,0.0793896765,0.136472732,0.189787373,0.239694938,0.2865116,0.330515504,0.37195316,0.411042243,0.447976798,0.482930273,0.516057491,0.547498226,0.577377617,0.605809212,0.632895708,0.65873009,0.683397293,0.706974685,0.729532599,0.751135826,0.771843672,0.791710377,0.810786366,0.829117715,0.846747398,0.863714516,0.880114973,0.896844268,0.914221704,0.932285607,0.951077282,0.970641851,0.991027713,1.01228762,1.03447902,1.05766416,1.08191168,1.10729611,1.13389862,1.1618098,1.19112825,1.22196281,1.25443423,1.2886765,1.32483852,1.36308599,1.40360415,1.44660246,1.49231446,1.54100561,1.59297717,1.64857197,1.70818257,1.76101649,1.79342198,1.82582414,1.85822344,1.89061916,1.9230113,1.95540071,1.98778582,2.02016783,2.05254602,2.08492041,2.11729145,2.14965868,2.18202209,2.21438193,2.24673748,2.27908921,2.31143737,2.34378099,2.37612081,2.40845704
1.36363649,-0.815148532,-0.796322882,-0.776720762,-0.756293654,-0.734987617,-0.712745428,-0.68950367,-0.665193319,-0.639738977,-0.613058388,-0.585060537,-0.555645227,-0.524702489,-0.492109597,-0.457731903,-0.42141822,-0.383000135,-0.342289686,-0.299075544,-0.253119081,-0.204150975,-0.151865736,-0.0959138125,-0.0358962156,0.02784306,0.0884294957,0.14490217,0.197666064,0.247074634,0.293438166,0.337029666,0.378090233,0.416833997,0.453451693,0.488113225,0.520971656,0.552163601,0.581812859,0.61003083,0.636918783,0.66256845,0.687063158,0.710479438,0.732886851,0.754348993,0.774924397,0.794667006,0.813626111,0.831847489,0.849373341,0.866242647,0.882622063,0.899447501,0.916926742,0.935098767,0.954005241,0.973691642,0.994207442,1.01560557,1.03794444,1.06128764,1.08570409,1.11126924,1.13806641,1.16618657,1.19573021,1.22680795,1.25954235,1.29406941,1.33054101,1.36912525,1.41001093,1.45341134,1.49956465,1.54874158,1.60124886,1.65743673,1.71770656,1.76599026,1.79839826,1.83080339,1.86320519,1.89560354,1.92799854,1.96039009,1.99277842,2.02516294,2.05754447,2.08992219,2.12229609,2.15466642,2.1870327,2.21939564,2.25175476,2.28410983,2.31646061,2.34880805,2.38115144,2.41349077,2.44582558
1.4242425,-0.793294549,-0.773569643,-0.753011525,-0.73156631,-0.709175408,-0.685774803,-0.661294818,-0.63565892,-0.608783126,-0.580575526,-0.550934792,-0.51974833,-0.486892521,-0.45222953,-0.41560638,-0.376851618,-0.335773855,-0.292157799,-0.245760828,-0.196308136,-0.143487975,-0.0869442225,-0.0262687914,0.0374616049,0.0973793566,0.15325065,0.205471516,0.254388392,0.30030489,0.343488991,0.384177268,0.422579974,0.458884478,0.493257701,0.525849879,0.556795895,0.586217165,0.614223897,0.640915215,0.666381598,0.690705776,0.713962495,0.736220539,0.757542849,0.777987123,0.797606468,0.816449642,0.834561944,0.851984799,0.86875701,0.885143876,0.90206635,0.919648349,0.937929213,0.95695138,0.976760924,0.997407496,1.01894546,1.04143333,1.06493568,1.0895226,1.11527073,1.14226425,1.17059577,1.20036685,1.23169029,1.26469088,1.29950631,1.33629107,1.37521636,1.41647422,1.46028209,1.50688243,1.55655205,1.60960281,1.66639292,1.727332,1.7709614,1.80337191,1.83577919,1.86818326,1.90058434,1.93298185,1.9653765,1.99776745,2.03015542,2.06253934,2.09491968,2.12729645,2.15966988,2.19203973,2.22440577,2.25676823,2.28912592,2.32148027,2.35383034,2.38617706,2.41851974,2.45085835,2.48319221
1.4848485,-0.770394385,-0.749704123,-0.728118062,-0.705577135,-0.682016015,-0.657364309,-0.631544471,-0.604471445,-0.576051831,-0.546182394,-0.514749467,-0.481627017,-0.446675211,-0.409738183,-0.370642126,-0.329191774,-0.285167903,-0.238323778,-0.18837887,-0.135015368,-0.0778696015,-0.0165251102,0.046981521,0.106241032,0.161519617,0.213205293,0.261636883,0.307112485,0.349894375,0.390215129,0.42828095,0.464275539,0.498363793,0.530692875,0.561395466,0.590591133,0.618388534,0.644885242,0.670170426,0.694325149,0.717423916,0.73953402,0.76071775,0.781032026,0.800529122,0.8192572,0.8372612,0.854581952,0.871257663,0.887680888,0.904701054,0.922386646,0.940777361,0.959916234,0.979849875,1.00062859,1.0223074,1.04494584,1.068609,1.09336805,1.11930084,1.14649284,1.17503774,1.20503891,1.23661113,1.26988053,1.30498767,1.3420893,1.3813597,1.42299557,1.46721578,1.51426959,1.56443763,1.61804104,1.67544246,1.7370621,1.77593005,1.80834234,1.84075224,1.87315881,1.90556252,1.93796265,1.97035956,2.0027535,2.03514338,2.06753087,2.09991407,2.13229394,2.16467023,2.1970427,2.2294116,2.26177669,2.29413795,2.32649565,2.35884881,2.3911984,2.42354465,2.45588636,2.48822403,2.52055764
1.5454545,-0.746371269,-0.724642813,-0.701950014,-0.67822659,-0.653401434,-0.627395511,-0.600122809,-0.571488321,-0.541387498,-0.509704947,-0.476312518,-0.441067934,-0.403812975,-0.364370525,-0.322542131,-0.278104931,-0.23080647,-0.180361629,-0.126446053,-0.0686881989,-0.00666337786,0.0564042591,0.115015879,0.169710591,0.220868617,0.268821657,0.313861936,0.356246918,0.396204472,0.433937162,0.46962595,0.503432214,0.535501003,0.565962911,0.594935536,0.622525513,0.648829401,0.673935175,0.697922289,0.720864296,0.742827833,0.763874114,0.784059107,0.803435028,0.822049141,0.839945674,0.857165217,0.873745263,0.890233159,0.907351971,0.92514199,0.94364357,0.962900162,0.982958853,1.00387108,1.02569187,1.04848218,1.07230783,1.09724081,1.12336016,1.15075254,1.1795131,1.20974708,1.24157059,1.27511191,1.31051421,1.34793675,1.38755667,1.42957425,1.47421336,1.52172685,1.57240164,1.62656379,1.684587,1.74689746,1.78089607,1.81331098,1.84572291,1.87813127,1.91053736,1.94294024,1.97533977,2.00773597,2.04012895,2.07251811,2.10490441,2.13728738,2.16966629,2.20204163,2.23441362,2.26678181,2.29914594,2.33150697,2.36386323,2.39621592,2.42856503,2.46090984,2.49325109,2.52558851,2.55792117
1.60606098,-0.721139967,-0.698293567,-0.674406111,-0.649405241,-0.623211384,-0.595736325,-0.566884458,-0.536549449,-0.504613817,-0.470947742,-0.435406774,-0.397829205,-0.358035713,-0.315823823,-0.2709665,-0.223207071,-0.172254458,-0.117777675,-0.0593976527,0.00347929425,0.0657326356,0.123705767,0.177825153,0.228462815,0.275943756,0.320554614,0.362547636,0.402146459,0.439550191,0.474936366,0.508463979,0.540275156,0.570498765,0.599250555,0.626635313,0.652748346,0.677675903,0.701497257,0.724283814,0.746102035,0.76701206,0.787069261,0.806324899,0.824826002,0.842615664,0.859734535,0.876223087,0.892801285,0.910019219,0.927914679,0.946528018,0.965903342,0.986088455,1.00713515,1.02909958,1.05204308,1.07603276,1.10114145,1.12744915,1.15504396,1.1840229,1.21449196,1.24656963,1.28038633,1.31608713,1.35383439,1.3938086,1.43621325,1.48127639,1.52925622,1.58044457,1.63517535,1.69382834,1.75344038,1.7858603,1.81827688,1.85069072,1.88310194,1.91551006,1.94791543,1.98031723,2.01271629,2.04511118,2.07750344,2.10989213,2.14227772,2.17465973,2.20703769,2.23941278,2.27178335,2.30415106,2.336514,2.3688736,2.40122986,2.43358207,2.46592951,2.49827385,2.53061414,2.56295037,2.59528279
1.66666698,-0.694607973,-0.670554698,-0.645376205,-0.618991613,-0.59131211,-0.562240243,-0.531667948,-0.499476343,-0.465532899,-0.429691106,-0.391786844,-0.351637155,-0.309036225,-0.26375258,-0.215525031,-0.164056838,-0.109009422,-0.0499968044,0.0134132234,0.0749667361,0.13231121,0.185863599,0.235988364,0.283003747,0.327190429,0.368796527,0.408041,0.445119768,0.480206817,0.513458669,0.545015395,0.575003088,0.603536308,0.630717993,0.656641901,0.681393385,0.705049932,0.727682769,0.749356806,0.770131648,0.79006207,0.809198499,0.827587247,0.845271349,0.862290382,0.878712296,0.895385027,0.912703097,0.930704534,0.949430704,0.968926013,0.98923862,1.01042092,1.03253031,1.05562878,1.07978392,1.10506999,1.13156807,1.15936768,1.1885668,1.21927369,1.25160825,1.2857033,1.32170677,1.3597827,1.40011561,1.44291246,1.48840535,1.53685737,1.5885675,1.64387488,1.70316803,1.75840008,1.79082203,1.82324064,1.8556565,1.88806987,1.92047989,1.95288754,1.98529184,2.01769257,2.05009055,2.08248496,2.11487675,2.147264,2.17964888,2.21202993,2.24440742,2.27678108,2.30915093,2.34151721,2.37387991,2.40623927,2.4385941,2.47094536,2.50329232,2.53563571,2.56797528,2.60031056,2.63264203
1.72727299,-0.666671395,-0.641313255,-0.614735842,-0.586849511,-0.557554662,-0.526742101,-0.494291157,-0.460066706,-0.423920095,-0.385684699,-0.345173687,-0.302177936,-0.256461889,-0.207758695,-0.155766234,-0.100139394,-0.0404831171,0.0232444983,0.0841090232,0.140834138,0.193827808,0.243446603,0.290002584,0.33377111,0.374994665,0.413889378,0.450646818,0.485438287,0.518417418,0.549722254,0.579476714,0.60779345,0.63477397,0.660510659,0.685087383,0.708581209,0.731061518,0.752592742,0.773233473,0.793038011,0.812056243,0.830333531,0.84791255,0.86483264,0.881216824,0.897984803,0.915403724,0.93351227,0.952352047,0.971968472,0.992409766,1.01372933,1.03598475,1.05923939,1.08356178,1.10902691,1.13571751,1.16372395,1.19314575,1.22409308,1.25668788,1.2910645,1.32737374,1.36578286,1.406479,1.44967294,1.49560153,1.54453325,1.59677196,1.65266502,1.71260858,1.76335788,1.79578137,1.82820201,1.86062014,1.89303529,1.92544746,1.95785689,1.99026358,2.02266693,2.0550673,2.08746409,2.11985755,2.15224838,2.1846354,2.21701908,2.24939871,2.28177547,2.31414795,2.34651756,2.37888312,2.41124439,2.44360256,2.47595692,2.50830698,2.54065323,2.57299566,2.60533404,2.63766885,2.66999912
1.78787899,-0.637216151,-0.610443771,-0.582347691,-0.552827358,-0.521771669,-0.489057541,-0.454548687,-0.418093234,-0.37952143,-0.338643909,-0.295248002,-0.249092683,-0.199906707,-0.147381261,-0.0911650807,-0.0308543593,0.0329743549,0.0931608528,0.149275839,0.201718718,0.250838578,0.296941549,0.340296775,0.381143272,0.419692159,0.456131965,0.490631163,0.523340762,0.554396093,0.583920062,0.61202246,0.63880384,0.664355099,0.688759029,0.71209085,0.734420121,0.755809724,0.776317835,0.79599756,0.814898193,0.833065212,0.850540161,0.867361903,0.883736908,0.90060091,0.918121636,0.936338067,0.955292523,0.975030601,0.995602071,1.01706004,1.0394634,1.06287563,1.08736682,1.11301303,1.13989794,1.16811347,1.19776082,1.22895122,1.26180887,1.29647076,1.33308935,1.37183535,1.41289973,1.45649624,1.50286651,1.5522846,1.60505986,1.66154695,1.7221514,1.76831436,1.80073893,1.83316147,1.86558139,1.89799833,1.93041265,1.96282411,1.99523282,2.0276382,2.06004071,2.09244037,2.12483621,2.15722871,2.18961835,2.22200465,2.2543869,2.28676629,2.31914186,2.35151362,2.38388157,2.41624618,2.44860744,2.48096442,2.51331735,2.54566693,2.57801175,2.61035347,2.64269137,2.67502451,2.70735407
1.84848499,-0.606114745,-0.577806652,-0.548057616,-0.516755581,-0.483775377,-0.448977798,-0.412209004,-0.373296797,-0.332047522,-0.288244575,-0.241643444,-0.191966787,-0.138900504,-0.0820846558,-0.0211080555,0.042604994,0.10212364,0.15763779,0.2095377,0.258165598,0.303821415,0.346768856,0.387242705,0.425449997,0.461575955,0.495786339,0.528229177,0.559038103,0.588333249,0.616223752,0.642807782,0.668175519,0.692407906,0.715579867,0.737759233,0.759008408,0.779384613,0.798940659,0.817725003,0.83578223,0.853153825,0.869877875,0.886272669,0.903233469,0.920856833,0.939182162,0.95825237,0.978113353,0.998815656,1.02041364,1.04296625,1.06653798,1.09119976,1.11702883,1.1441102,1.17253685,1.20241177,1.23384821,1.26697195,1.30192208,1.33885455,1.37794197,1.41937864,1.46338332,1.51020181,1.56011236,1.61343277,1.67052317,1.73179901,1.77326882,1.80569553,1.83811915,1.87054098,1.90295982,1.93537569,1.96778929,2.00019979,2.03260732,2.06501174,2.0974133,2.12981176,2.16220689,2.19459844,2.22698689,2.25937223,2.29175448,2.32413197,2.35650682,2.38887763,2.42124462,2.45360804,2.48596859,2.51832414,2.55067611,2.58302498,2.61536884,2.64770961,2.68004608,2.7123785,2.74470663
1.909091,-0.57322526,-0.543245137,-0.511693418,-0.478443295,-0.443353415,-0.406267166,-0.367009073,-0.325382948,-0.281167179,-0.234113291,-0.183938503,-0.130321801,-0.0728968307,-0.0112424809,0.0521379635,0.1109991,0.165920854,0.217285812,0.265428424,0.310642958,0.353188097,0.393293649,0.43116346,0.466979265,0.500903904,0.533083022,0.563647985,0.592717052,0.620397508,0.646786451,0.671972215,0.696034729,0.719048023,0.741078913,0.762188792,0.782434523,0.801867783,0.820536613,0.838485062,0.855753899,0.87238121,0.888824463,0.905882895,0.923609793,0.942044973,0.961231768,0.981216967,1.00205123,1.02379012,1.04649353,1.07022667,1.09506059,1.12107456,1.14835429,1.1769948,1.20710003,1.23878503,1.27217805,1.30742013,1.34466958,1.38410282,1.42591727,1.47033513,1.51760817,1.56801903,1.62189186,1.67959547,1.74155331,1.77822232,1.81065047,1.84307587,1.87549889,1.90791881,1.9403373,1.97275221,2.00516462,2.03757405,2.06998086,2.10238409,2.13478518,2.16718221,2.19957614,2.23196697,2.26435447,2.29673839,2.32911968,2.36149645,2.39386988,2.42623925,2.458606,2.49096823,2.52332711,2.55568194,2.58803296,2.6203804,2.65272355,2.68506289,2.71739888,2.74973035,2.78205729
1.969697,-0.538389206,-0.506584644,-0.473060906,-0.437674552,-0.400266498,-0.360657692,-0.318648845,-0.274014473,-0.226500541,-0.175819561,-0.121643819,-0.0635989383,-0.00125525461,0.0615747906,0.119788527,0.174126476,0.224964172,0.272628158,0.317407012,0.359554946,0.39929688,0.436833352,0.47234273,0.505984724,0.537903011,0.568226576,0.597071767,0.624544382,0.650739849,0.675745368,0.699639738,0.722495735,0.744379461,0.765351415,0.785467505,0.804779053,0.823333204,0.841173708,0.858340859,0.87487191,0.89139235,0.908549309,0.926380694,0.94492662,0.964231074,0.984341383,1.0053091,1.02719021,1.05004537,1.07394159,1.09895027,1.12515092,1.15263128,1.18148756,1.21182561,1.24376237,1.27742743,1.31296527,1.35053599,1.39031923,1.43251669,1.47735369,1.52508676,1.57600558,1.63043928,1.68876553,1.75074315,1.78317463,1.81560338,1.84803057,1.88045502,1.91287696,1.94529641,1.97771335,2.01012778,2.04253912,2.07494736,2.10735321,2.13975525,2.17215514,2.20455098,2.2369442,2.26933408,2.30172038,2.33410311,2.36648226,2.39885902,2.43123126,2.46360016,2.495965,2.52832603,2.56068468,2.59303832,2.62538815,2.65773439,2.69007659,2.72241473,2.7547493,2.78708005,2.81940579
2.030303,-0.501428306,-0.467627555,-0.431940645,-0.394206256,-0.354242206,-0.311844558,-0.266784728,-0.218804061,-0.167608574,-0.112864494,-0.0541894175,0.00910776015,0.0709165782,0.128493041,0.182256326,0.232573405,0.279765427,0.32411471,0.365870148,0.405253202,0.442460239,0.477666438,0.511029243,0.542689264,0.572773933,0.601397872,0.628664613,0.654668629,0.679495513,0.703223348,0.725923419,0.747661114,0.768496215,0.788483918,0.807674527,0.826115072,0.843848407,0.860914588,0.877362669,0.893976688,0.911233246,0.929169714,0.947827518,0.967250705,0.987487376,1.00858974,1.03061426,1.05362296,1.07768285,1.10286808,1.12925816,1.15694153,1.18601596,1.21658957,1.24878085,1.28272152,1.31855822,1.35645425,1.39659238,1.43917716,1.48443961,1.53263986,1.58407319,1.63907683,1.69803488,1.7556932,1.78812563,1.82055581,1.85298395,1.88541007,1.91783357,1.9502542,1.98267245,2.01508856,2.0475018,2.07991219,2.11231971,2.14472389,2.17712545,2.20952392,2.24191904,2.27431059,2.30669904,2.33908463,2.37146664,2.40384507,2.43621945,2.46859074,2.50095868,2.53332281,2.56568265,2.59803963,2.63039207,2.66274118,2.69508576,2.72742724,2.75976443,2.79209757,2.82442665,2.85675192
2.090909,-0.462142467,-0.426151097,-0.388085365,-0.347760409,-0.304968983,-0.259477586,-0.211022407,-0.159304559,-0.103982069,-0.0446656793,0.0190556366,0.0801661238,0.137114093,0.190311134,0.240115449,0.286841542,0.330766767,0.372135162,0.411163211,0.448044568,0.482951194,0.516037762,0.547442734,0.577290893,0.605695486,0.632758737,0.658573091,0.683223009,0.706785619,0.729331136,0.75092423,0.771623671,0.791483879,0.810554743,0.828882515,0.846509516,0.863475263,0.879869163,0.896577954,0.913934529,0.931977332,0.950747728,0.97029078,0.990655005,1.01189303,1.03406274,1.0572263,1.08145201,1.10681462,1.13339603,1.16128516,1.19058049,1.22139227,1.25384068,1.28806067,1.32420015,1.3624258,1.40292311,1.44590092,1.49159372,1.54026794,1.59222388,1.64780569,1.70740628,1.76064277,1.79307592,1.82550776,1.85793698,1.89036393,1.92278874,1.95521069,1.98763072,2.02004814,2.05246258,2.08487487,2.11728382,2.14968991,2.18209362,2.21449351,2.24689102,2.27928519,2.31167603,2.34406328,2.3764472,2.40882802,2.44120526,2.47357917,2.50594926,2.5383153,2.570678,2.60303688,2.63539314,2.66774416,2.70009208,2.73243546,2.76477551,2.79711151,2.82944369,2.86177182,2.89409566
2.15151548,-0.420304507,-0.381903052,-0.341211915,-0.298020333,-0.252090603,-0.203153506,-0.150904015,-0.0949943811,-0.0350252613,0.0289013255,0.0893240571,0.145653576,0.198291987,0.247590914,0.293857932,0.337364137,0.37834996,0.417027891,0.453587383,0.488198102,0.521011353,0.552163661,0.58177799,0.609965622,0.636826932,0.662453353,0.686928153,0.710327148,0.732719481,0.754169106,0.774734139,0.794467807,0.813419938,0.831635714,0.849157155,0.866023421,0.882391989,0.899196208,0.916653872,0.934803843,0.953688025,0.973352134,0.993844926,1.01522028,1.03753614,1.06085598,1.08524907,1.11079121,1.13756514,1.16566265,1.1951822,1.22623479,1.25894392,1.29344594,1.32989204,1.36845136,1.40931273,1.45268893,1.49881864,1.54797316,1.60045993,1.65662909,1.71688199,1.76559222,1.7980262,1.83045852,1.86288881,1.89531696,1.92774284,1.96016634,1.99258792,2.02500629,2.05742264,2.08983636,2.12224746,2.15465498,2.18705988,2.21946239,2.2518611,2.28425717,2.31664968,2.34903979,2.38142586,2.41380882,2.44618821,2.4785645,2.5109365,2.5433054,2.57567096,2.60803199,2.64038992,2.67274404,2.70509458,2.73744082,2.76978326,2.80212188,2.83445621,2.86678815,2.89911437,2.93143725
2.21212149,-0.375658482,-0.334596097,-0.29099831,-0.244623452,-0.195196897,-0.14240773,-0.0859003216,-0.0252676811,0.0386460237,0.0983914062,0.154111639,0.206199721,0.255000085,0.300814033,0.343907088,0.384515256,0.422847122,0.459088773,0.493406475,0.525949597,0.556852102,0.586235166,0.614207864,0.640869379,0.666309714,0.690611005,0.713847756,0.736088455,0.757395864,0.777827203,0.79743576,0.816269815,0.834374607,0.851791501,0.868558764,0.884931147,0.901831448,0.919391036,0.937649071,0.956648171,0.976434231,0.997057021,1.01857078,1.04103446,1.06451213,1.08907437,1.11479771,1.14176643,1.17007279,1.19981956,1.23111725,1.26409018,1.29887784,1.33563411,1.37453127,1.41576171,1.45954108,1.50611424,1.55575669,1.60878134,1.66554701,1.72646296,1.7705406,1.80297577,1.83540881,1.86784005,1.90026939,1.93269622,1.96512079,1.99754381,2.02996373,2.06238103,2.09479618,2.12720823,2.15961814,2.19202423,2.22442842,2.25682902,2.28922725,2.32162213,2.3540132,2.38640165,2.41878653,2.45116854,2.48354626,2.51592088,2.54829216,2.5806601,2.61302352,2.6453836,2.6777401,2.71009302,2.74244189,2.77478719,2.80712867,2.83946609,2.87179971,2.90412927,2.93645453,2.96877646
2.27272749,-0.327911705,-0.28390187,-0.237074628,-0.187150791,-0.133812696,-0.0766974762,-0.0153891705,0.0482911207,0.107370295,0.162490189,0.214036092,0.262344748,0.307711124,0.350396842,0.390631974,0.428621709,0.464548945,0.498577505,0.530853331,0.561508954,0.590662777,0.618422866,0.644886672,0.670142531,0.694271982,0.71734798,0.739438295,0.76060462,0.780903697,0.800387979,0.819105089,0.837099552,0.854412556,0.871081889,0.887486696,0.904484153,0.922146618,0.94051379,0.959628701,0.979537845,1.00029182,1.02194548,1.04455829,1.0681957,1.09292853,1.11883497,1.1460005,1.17451859,1.2044934,1.23603892,1.26928031,1.30435705,1.3414278,1.38066709,1.42227149,1.46646047,1.51348233,1.56361926,1.61719084,1.6745621,1.73615193,1.77548897,1.80792499,1.84035885,1.87279058,1.90522063,1.93764889,1.97007442,2.00249791,2.03491926,2.06733847,2.09975433,2.13216782,2.16457915,2.19698787,2.22939324,2.26179552,2.29419518,2.32659149,2.35898519,2.39137506,2.42376208,2.45614529,2.48852611,2.52090263,2.55327606,2.58564639,2.61801243,2.65037465,2.68273401,2.71508884,2.74744058,2.77978826,2.81213164,2.84447169,2.87680721,2.90913963,2.941468,2.97379231,3.00611258
2.33333349,-0.276729107,-0.229443029,-0.179013401,-0.12511757,-0.0673842803,-0.00538855325,0.0578383468,0.116261452,0.170790032,0.221801668,0.269624978,0.314550519,0.356833637,0.396700501,0.434352607,0.469969511,0.503711522,0.535723388,0.566134155,0.595061421,0.622611046,0.648878753,0.673952401,0.697911203,0.720827937,0.742769182,0.763795853,0.78396374,0.80332458,0.82192564,0.839810848,0.857020676,0.873592615,0.890059233,0.90715456,0.924920797,0.943397999,0.962629914,0.982663393,1.0035497,1.02534449,1.04810798,1.07190633,1.09681189,1.12290347,1.1502676,1.1789999,1.20920539,1.24100029,1.27451313,1.30988479,1.34727395,1.38686001,1.4288429,1.47344708,1.52092457,1.57156372,1.62569022,1.68367672,1.74595082,1.78043783,1.81287396,1.84530818,1.87774098,1.91017175,1.94260108,1.97502756,2.00745177,2.03987432,2.07229447,2.10471177,2.13712692,2.16953945,2.20194888,2.23435569,2.26675987,2.29916096,2.33155918,2.36395431,2.39634657,2.42873526,2.46112108,2.49350309,2.52588201,2.5582571,2.59062934,2.622998,2.65536261,2.68772364,2.72008133,2.75243473,2.78478527,2.81713128,2.84947371,2.8818121,2.91414714,2.94647765,2.97880483,3.01112747,3.0434463
2.3939395,-0.22172679,-0.170783997,-0.116320424,-0.0579582043,0.0052593872,0.0672900081,0.125066951,0.179013088,0.229497656,0.276842773,0.321332783,0.363218576,0.402721792,0.440040201,0.475349993,0.508809209,0.540559649,0.5707286,0.599431574,0.626772583,0.652846575,0.677739203,0.701529324,0.724288285,0.74608165,0.766969621,0.787007451,0.806245923,0.824731827,0.842508554,0.859616101,0.876093686,0.892648816,0.909842908,0.927713811,0.946302116,0.965652049,0.985811055,1.00683093,1.02876818,1.05168402,1.07564521,1.10072505,1.12700367,1.15456879,1.18351746,1.21395648,1.24600339,1.27978909,1.31545949,1.35317302,1.39311075,1.43547773,1.48050225,1.52844262,1.57959092,1.63428044,1.69289231,1.75294888,1.7853868,1.81782341,1.85025823,1.88269126,1.91512251,1.94755232,1.97997975,2.01240563,2.04482865,2.07725,2.10966849,2.14208436,2.17449808,2.2069087,2.23931766,2.27172303,2.30412555,2.3365252,2.36892271,2.40131593,2.43370628,2.46609378,2.49847817,2.53085852,2.56323624,2.59561062,2.62798071,2.66034794,2.69271088,2.72507095,2.75742698,2.78977919,2.82212782,2.8544724,2.88681388,2.91915059,2.9514842,2.98381329,3.01613903,3.04845977,3.08077765
2.4545455,-0.162460074,-0.107419707,-0.0484176204,0.0153241893,0.0766467676,0.13378714,0.187159672,0.237124577,0.28399834,0.328058898,0.369551986,0.408696175,0.445684612,0.480691433,0.513870955,0.545362592,0.575292468,0.603773236,0.630907953,0.656789839,0.681503475,0.705126166,0.727728724,0.749375522,0.770126224,0.79003495,0.809152067,0.827523708,0.845192909,0.86219871,0.878606439,0.895255625,0.912549496,0.930526078,0.949226379,0.968695343,0.988980949,1.01013601,1.03221714,1.05528665,1.07941246,1.10466838,1.13113594,1.15890431,1.18807173,1.21874678,1.25104892,1.28511095,1.32108104,1.35912383,1.39942062,1.44217658,1.48762798,1.53603697,1.58770251,1.64296424,1.70221102,1.75789785,1.79033625,1.82277298,1.85520828,1.88764191,1.92007351,1.95250392,1.98493195,2.01735806,2.04978275,2.0822041,2.11462379,2.14704084,2.17945576,2.21186781,2.24427748,2.276685,2.30908871,2.34149051,2.37388825,2.40628362,2.43867588,2.47106504,2.50345087,2.5358336,2.56821299,2.60058904,2.63296127,2.66533041,2.69769597,2.73005724,2.76241589,2.79477048,2.82712126,2.85946846,2.89181185,2.92415118,2.9564867,2.98881817,3.02114606,3.05347013,3.08578968,3.11810565
2.5151515,-0.0984137729,-0.0387606695,0.0252843015,0.0859104842,0.142424136,0.195231512,0.244684085,0.291092515,0.334729344,0.375835121,0.414624333,0.451287419,0.485994071,0.518897116,0.550133169,0.579825819,0.608087003,0.635017633,0.660709083,0.685245275,0.708702385,0.731149793,0.752651393,0.773265779,0.793046474,0.812043309,0.830301702,0.847863913,0.864768922,0.881135881,0.897880077,0.915274441,0.933357596,0.952171087,0.971760213,0.99217391,1.01346505,1.03569162,1.05891645,1.0832082,1.10864234,1.13530099,1.163275,1.19266367,1.22357726,1.25613749,1.29047942,1.32675314,1.36512649,1.40578687,1.44894087,1.49482477,1.54370964,1.59589994,1.65174282,1.71163499,1.7628479,1.79528618,1.82772315,1.86015844,1.89259243,1.92502487,1.9574554,1.98988438,2.02231121,2.05473566,2.08715844,2.11957908,2.15199709,2.18441319,2.21682644,2.24923706,2.28164554,2.31405091,2.34645319,2.37885308,2.41124988,2.44364357,2.47603488,2.5084219,2.54080677,2.57318735,2.60556555,2.63793945,2.67031074,2.70267797,2.7350421,2.76740193,2.79975915,2.8321116,2.86446166,2.89680648,2.92914844,2.96148586,2.99382019,3.02615023,3.05847669,3.09079909,3.12311697,3.15543199
2.57575798,-0.0289842431,0.0351423733,0.0950825438,0.150979549,0.203229293,0.25217703,0.298126698,0.341344953,0.382068753,0.42050752,0.456848264,0.49125874,0.523887992,0.55487138,0.584329903,0.612373352,0.639101624,0.664604843,0.688965321,0.712258101,0.734551907,0.755909622,0.776388764,0.796042621,0.814919889,0.833065867,0.850522101,0.867326975,0.88368237,0.900522411,0.918018162,0.936209023,0.955136716,0.974847257,0.995389998,1.01681876,1.0391922,1.06257391,1.08703375,1.11264765,1.13949978,1.16768122,1.19729376,1.22844887,1.2612704,1.29589534,1.3324765,1.37118459,1.41221023,1.45576799,1.50209475,1.55146277,1.60418606,1.6606195,1.72116745,1.76779914,1.8002373,1.8326745,1.8651098,1.89754367,1.92997682,1.96240783,1.99483669,2.02726436,2.05968976,2.09211254,2.12453437,2.15695333,2.18936968,2.22178435,2.25419617,2.28660536,2.31901193,2.35141587,2.38381696,2.41621542,2.44861031,2.48100233,2.51339197,2.54577756,2.57816052,2.61054015,2.6429162,2.67528844,2.70765805,2.74002433,2.77238607,2.80474496,2.83709955,2.86945105,2.90179896,2.93414307,2.96648288,2.99881935,3.03115129,3.06347966,3.09580469,3.12812591,3.16044235,3.19275522
2.63636398,0.0448987857,0.104163744,0.159453481,0.211153969,0.259603888,0.305100888,0.34790644,0.388252556,0.42634511,0.462367922,0.496485174,0.528844297,0.559577227,0.588803947,0.616632223,0.643160224,0.66847682,0.692663252,0.715793252,0.737934828,0.75914979,0.779494882,0.799022913,0.817781806,0.835816264,0.853167057,0.869872689,0.886245906,0.903182566,0.920780778,0.939080119,0.958123088,0.977956235,0.998629451,1.02019715,1.04271877,1.06625915,1.09088862,1.11668444,1.14373159,1.17212343,1.20196223,1.23336184,1.26644754,1.30135906,1.33825171,1.37729883,1.41869473,1.46265757,1.50943398,1.55929649,1.61256135,1.66959381,1.73080873,1.77275121,1.80518925,1.83762598,1.87006164,1.90249598,1.93492842,1.96736002,1.99978948,2.03221726,2.06464291,2.09706688,2.12948847,2.16190886,2.1943264,2.22674108,2.25915432,2.29156423,2.32397223,2.35637689,2.38877916,2.42117858,2.45357537,2.48596931,2.51835966,2.55074692,2.58313203,2.61551309,2.64789009,2.68026495,2.71263552,2.74500346,2.77736783,2.80972815,2.84208512,2.87443852,2.90678811,2.93913412,2.97147655,3.00381494,3.03614998,3.06848001,3.10080695,3.13312984,3.16544914,3.19776416,3.23007512
2.69696999,0.113156058,0.167846918,0.219006658,0.266965747,0.312015861,0.354414195,0.394387364,0.432138294,0.467846841,0.501674414,0.533765912,0.564251602,0.593248725,0.620864093,0.64719373,0.672325611,0.696339548,0.719308376,0.741298974,0.762372255,0.782584786,0.801987886,0.820629239,0.838553011,0.855799437,0.872406483,0.888826787,0.90586102,0.923562586,0.94197154,0.961130798,0.981087625,1.00189245,1.0236007,1.04627216,1.06997263,1.09477341,1.12075329,1.14799786,1.17660201,1.20667005,1.23831689,1.2716701,1.30687189,1.34407973,1.38347042,1.42524159,1.46961522,1.51684237,1.56720793,1.62102747,1.67866969,1.74056208,1.77770424,1.81014252,1.84257913,1.87501454,1.90744877,1.93988144,1.97231293,2.00474262,2.03717065,2.06959677,2.10202122,2.13444352,2.16686392,2.19928193,2.23169804,2.26411128,2.29652309,2.32893157,2.36133742,2.39374018,2.42614126,2.45853925,2.4909339,2.52332592,2.55571508,2.58810091,2.62048364,2.65286303,2.6852386,2.71761179,2.74998116,2.78234673,2.81470919,2.84706831,2.87942362,2.91177487,2.94412303,2.97646666,3.00880742,3.04114461,3.07347751,3.10580659,3.13813186,3.17045283,3.20277023,3.23508358,3.26739311
2.75757599,0.176162079,0.226788342,0.274263561,0.318872958,0.36086911,0.40047437,0.437887609,0.473285407,0.506826758,0.538653731,0.568894446,0.597664773,0.625069082,0.651202619,0.676151395,0.699994564,0.722803593,0.744644523,0.765577614,0.78565824,0.80493772,0.823462427,0.841276228,0.85841912,0.874928355,0.891425192,0.908557832,0.926363766,0.944883168,0.964160204,0.984241903,1.00517976,1.02702975,1.04985261,1.07371485,1.09868896,1.12485456,1.15229905,1.18111777,1.21141744,1.2433145,1.2769388,1.3124342,1.34996164,1.38970017,1.43185151,1.47664201,1.52432692,1.57519639,1.62958062,1.68784761,1.75022101,1.78265965,1.81509686,1.84753335,1.8799684,1.91240263,1.94483531,1.97726679,2.00969648,2.04212475,2.07455134,2.10697579,2.13939857,2.17181945,2.20423794,2.23665452,2.26906896,2.30148077,2.33389044,2.36629748,2.39870167,2.43110299,2.46350265,2.49589825,2.52829123,2.56068134,2.5930686,2.62545252,2.65783358,2.6902113,2.72258592,2.75495696,2.78732395,2.81968856,2.85204911,2.88440633,2.91675925,2.94910932,2.9814558,3.01379752,3.04613638,3.07847118,3.11080289,3.14312959,3.17545271,3.20777225,3.24008846,3.27240014,3.30470705
2.81818199,0.234500006,0.281497717,0.325672954,0.367272139,0.40651378,0.443593383,0.478684217,0.511942446,0.543508232,0.573506713,0.602052271,0.629247785,0.655186832,0.679954588,0.703628182,0.72627902,0.747971654,0.768765748,0.78871578,0.807872355,0.826281488,0.843986392,0.861026347,0.877450764,0.894041479,0.91127342,0.929184675,0.947815835,0.967211306,0.987419188,1.0084914,1.03048444,1.05346048,1.07748616,1.10263562,1.12898898,1.15663505,1.18567145,1.2162056,1.24835563,1.28225422,1.31804717,1.35589802,1.39598954,1.43852651,1.48373902,1.53188848,1.58326995,1.63821983,1.69712341,1.75517845,1.78761637,1.82005286,1.85248888,1.88492405,1.91735756,1.94979036,1.98222148,2.01465154,2.0470798,2.07950616,2.11193109,2.14435434,2.17677546,2.20919466,2.24161148,2.27402639,2.30643868,2.33884931,2.37125683,2.40366197,2.43606472,2.46846461,2.50086164,2.53325629,2.56564736,2.59803557,2.63042068,2.66280365,2.69518209,2.72755814,2.75993037,2.79230022,2.82466507,2.85702729,2.88938618,2.92174149,2.95409322,2.98644114,3.01878524,3.05112576,3.08346295,3.11579561,3.14812493,3.1804502,3.21277237,3.24508905,3.27740383,3.30971336,3.34201884
2.87878799,0.288669676,0.332416058,0.373623192,0.412506163,0.449256212,0.484043837,0.517022312,0.548329115,0.578088164,0.606411576,0.633400321,0.659146726,0.683735013,0.707241178,0.729735136,0.751280725,0.771936774,0.791757524,0.810792089,0.829086661,0.846683323,0.863621235,0.879990339,0.896675766,0.914008021,0.932025492,0.950769424,0.970284581,0.990619838,1.01182771,1.03396571,1.057096,1.08128703,1.10661364,1.1331569,1.1610074,1.19026351,1.22103441,1.2534411,1.28761709,1.32371151,1.36189008,1.40233898,1.44526672,1.49090791,1.53952837,1.59142971,1.6469543,1.70649624,1.76014686,1.79257441,1.82501125,1.85744619,1.8898809,1.92231417,1.95474648,1.98717773,2.01960731,2.05203533,2.0844624,2.11688757,2.14931035,2.1817317,2.21415138,2.24656844,2.27898407,2.31139731,2.3438077,2.37621641,2.40862274,2.44102573,2.47342658,2.50582457,2.53821993,2.57061219,2.60300183,2.63538837,2.66777158,2.70015168,2.7325294,2.76490307,2.79727316,2.82964063,2.86200428,2.8943646,2.92672205,2.95907521,2.9914248,3.02377081,3.05611277,3.08845115,3.12078667,3.15311766,3.18544507,3.21776819,3.25008774,3.28240395,3.31471515,3.3470242,3.37932754
2.939394,0.339103013,0.379923701,0.418452263,0.454876751,0.489364475,0.522066295,0.553117335,0.582639337,0.610742688,0.63752681,0.663083076,0.687493563,0.710833251,0.733171761,0.754571736,0.775091171,0.794783413,0.813697159,0.831877768,0.849367261,0.866203964,0.882547319,0.899328291,0.916761756,0.934886336,0.953744292,0.973380566,0.99384439,1.01518929,1.03747332,1.06076002,1.08511794,1.11062336,1.13735902,1.16541576,1.19489431,1.2259053,1.25857151,1.29302847,1.32942784,1.36793888,1.40875006,1.45207381,1.49814975,1.54724824,1.59967661,1.6557858,1.71597695,1.76512754,1.79754424,1.8299706,1.86240578,1.89483964,1.92727256,1.9597044,1.99213517,2.02456474,2.05699277,2.08941913,2.12184453,2.15426779,2.18668914,2.21910882,2.25152659,2.28394222,2.31635547,2.34876704,2.38117599,2.41358232,2.44598675,2.47838783,2.51078701,2.54318309,2.57557678,2.60796714,2.64035439,2.67273927,2.70512009,2.73749876,2.7698741,2.80224633,2.83461452,2.8669796,2.89934206,2.93169999,2.96405482,2.99640608,3.028754,3.0610981,3.09343839,3.12577438,3.15810776,3.19043708,3.22276235,3.2550838,3.28740191,3.31971455,3.35202599,3.38433099,3.41663289
3,0.386173964,0.424352288,0.460455209,0.494646758,0.527075052,0.55787313,0.587160587,0.615046203,0.641627967,0.666995347,0.691229522,0.71440506,0.736589432,0.757845044,0.778228998,0.797793686,0.816587746,0.834655523,0.852038443,0.868774593,0.885121822,0.901999354,0.919534981,0.937767863,0.956740677,0.976499021,0.997092962,1.01857626,1.04100811,1.06445229,1.08897924,1.11466575,1.1415956,1.16986132,1.19956493,1.23081863,1.26374733,1.29848909,1.33519769,1.37404478,1.41522348,1.45894885,1.50546575,1.55504978,1.60801351,1.66471601,1.72556627,1.77011204,1.80252659,1.83494186,1.86736715,1.89980018,1.93223274,1.9646641,1.99709439,2.02952385,2.06195092,2.09437799,2.12680268,2.15922594,2.19164729,2.22406673,2.25648475,2.28890085,2.32131481,2.35372615,2.38613582,2.41854262,2.45094705,2.4833498,2.51574898,2.54814577,2.5805397,2.61293173,2.64532018,2.67770529,2.71008849,2.74246788,2.77484393,2.80721688,2.83958721,2.87195373,2.9043169,2.93667674,2.96903324,3.00138593,3.03373504,3.06608033,3.09842229,3.13076115,3.16309547,3.1954267,3.22775364,3.260077,3.29239631,3.3247118,3.35702348,3.38933182,3.42163587,3.45393586
